,기업명,매출액,영업이익,당기순이익,자산총계,자본총계,자본금,영업활동현금흐름,FCF,이자발생부채,영업이익률,순이익률,ROE(%),ROA(%),부채비율,EPS(원),PER(배),BPS(원),PBR(배),발행주식수(보통주)
0,아이앤씨(2020/12),229.0,-56.0,-60.0,630.0,477.0,88.0,-30.0,-33.0,111.0,-24.48,-26.43,-11.95,-8.93,32.01,-347.0,-12.39193083573487,2767.0,1.55,17694054.0
1,아이앤씨(2021/12),299.0,-35.0,-54.0,649.0,430.0,89.0,-38.0,-41.0,150.0,-11.6,-18.17,-12.14,-8.51,51.08,-307.0,-12.931596091205211,2465.0,1.61,17862854.0
2,아이앤씨(2022/12),394.0,24.0,10.0,654.0,443.0,89.0,-22.0,-24.0,140.0,6.22,2.61,2.23,1.58,47.55,54.0,46.27,2537.0,0.98,17862854.0
3,아이앤씨(2023/12),643.0,14.0,0.0,673.0,445.0,89.0,56.0,50.0,155.0,2.23,0.07,-0.68,0.07,51.11,-17.0,-161.47058823529412,2529.0,1.09,17862854.0
4,아이앤씨(2024/12),234.0,-107.0,-120.0,513.0,305.0,89.0,11.0,8.0,154.0,-45.67,-51.3,-32.45,-20.23,68.27,-668.0,-2.69311377245509,1836.0,0.98,17862854.0
8,다원넥스뷰(2020/12),40.0,-11.0,-28.0,93.0,23.0,6.0,31.0,8.0,28.0,-27.38,-69.16,-75.33,-31.1,303.14,-441.0,-43.65079365079365,365.0,10.54,3650000.0
9,다원넥스뷰(2021/12),126.0,5.0,5.0,87.0,28.0,6.0,9.0,5.0,21.0,4.23,4.03,19.78,5.64,207.53,80.0,199.21,446.0,35.82,4587500.0
10,다원넥스뷰(2022/12),110.0,8.0,99.0,106.0,-145.0,5.0,-3.0,-6.0,52.0,7.03,90.31,-169.71,103.17,-172.91,1572.0,6.87,-2299.0,-23.4884732492388,4587500.0
11,다원넥스뷰(2023/12),107.0,-6.0,1.0,169.0,38.0,6.0,31.0,21.0,26.0,-6.02,0.83,-1.65,0.65,346.41,14.0,712.1,599.0,16.68,6312500.0
12,다원넥스뷰(2024/12),187.0,13.0,-41.0,280.0,153.0,8.0,12.0,9.0,42.0,6.84,-22.15,-43.38,-18.45,82.94,-581.0,-8.605851979345955,1913.0,2.61,8010772.0
16,케이알엠(2020/12),89.0,1.0,-11.0,312.0,246.0,63.0,-5.0,-6.0,50.0,1.6,-12.88,-4.99,-3.54,26.68,-101.0,-33.71287128712871,1956.0,1.74,12600336.0
17,케이알엠(2021/12),114.0,7.0,28.0,722.0,472.0,91.0,9.0,6.0,227.0,6.5,24.57,7.78,5.4,53.0,196.0,23.18,2584.0,1.76,18248289.0
18,케이알엠(2022/12),129.0,2.0,-91.0,628.0,465.0,97.0,-21.0,-23.0,127.0,1.43,-70.67,-19.44,-13.49,35.04,-496.0,-9.546370967741936,2402.0,1.97,19347639.0
19,케이알엠(2023/12),124.0,-220.0,-298.0,2106.0,835.0,146.0,-112.0,-290.0,1071.0,-177.53,-239.75,-35.688622754491014,-14.150047483380817,152.24,-1083.0,-8.162511542012927,2858.0,3.09,29213382.0
20,케이알엠(2024/12),112.0,-99.0,-259.0,1466.0,817.0,163.0,-49.0,-110.0,585.0,-88.21,-231.08,-31.33,-14.49,79.5,-837.0,-5.232974910394265,2504.0,1.75,32606724.0
32,신성이엔지(2020/12),4824.0,185.0,-137.0,4234.0,1915.0,1008.0,240.0,83.0,1060.0,3.84,-2.84,-8.77,-3.27,121.16,-75.0,-45.86666666666667,961.0,3.58,201433941.0
33,신성이엔지(2021/12),4545.0,24.0,-159.0,4767.0,2080.0,1022.0,-213.0,-409.0,1171.0,0.53,-3.49,-7.97,-3.52,129.12,-78.0,-27.5,1029.0,2.08,204217781.0
34,신성이엔지(2022/12),6641.0,210.0,343.0,5776.0,2112.0,1030.0,-240.0,-378.0,2059.0,3.16,5.16,16.3,6.5,173.5,166.0,9.37,1036.0,1.5,205848151.0
35,신성이엔지(2023/12),5765.0,74.0,153.0,5877.0,2426.0,1030.0,468.0,243.0,1962.0,1.28,2.65,7.14,2.62,142.27,79.0,25.88,1195.0,1.71,205848151.0
36,신성이엔지(2024/12),5823.0,50.0,-140.0,6053.0,2375.0,1030.0,28.0,-79.0,2322.0,0.86,-2.4,-5.85,-2.34,154.8,-68.0,-17.220588235294116,1170.0,1.0,205848151.0
40,엔투텍(2020/12),292.0,34.0,-382.0,872.0,544.0,71.0,-67.0,-173.0,109.0,11.56,-130.46,-76.09,-38.9,60.19,-695.0,-6.517985611510792,765.0,2.89,70914180.0
41,엔투텍(2021/12),296.0,14.0,31.0,1196.0,898.0,92.0,79.0,73.0,68.0,4.62,10.43,4.29,2.98,33.19,38.0,38.12,975.0,1.48,91571575.0
42,엔투텍(2022/12),214.0,-19.0,10.0,1092.0,972.0,100.0,-18.0,-25.0,49.0,-9.03,4.6,0.83,0.86,12.33,8.0,87.31,962.0,0.75,100301731.0
43,엔투텍(2023/12),131.0,-33.0,111.0,1203.0,1123.0,104.0,17.0,11.0,6.0,-25.4,85.22,10.34,9.7,7.06,105.0,5.94,1074.0,0.58,103575530.0
44,엔투텍(2024/12),136.0,-35.0,-253.0,936.0,866.0,104.0,-56.0,-63.0,5.0,-25.87,-185.52,-25.86,-23.62,8.13,-247.0,-1.7611336032388665,836.0,0.52,103575530.0
48,HLB이노베이션(2020/12),383.0,-27.0,-38.0,335.0,149.0,200.0,22.0,9.0,82.0,-7.12,-9.93,-22.21,-11.2,124.32,-95.0,-14.894736842105264,373.0,4.32,40016523.0
49,HLB이노베이션(2021/12),507.0,8.0,-8.0,380.0,150.0,203.0,10.0,5.0,139.0,1.67,-1.66,-5.64,-2.36,153.5,-21.0,-60.0,370.0,3.27,40573626.0
50,HLB이노베이션(2022/12),314.0,4.0,140.0,923.0,574.0,333.0,-11.0,-15.0,323.0,1.28,44.42,38.55,21.43,60.71,333.0,8.9,864.0,3.43,66507231.0
51,HLB이노베이션(2023/12),206.0,-9.0,-8.0,922.0,571.0,333.0,18.0,10.0,326.0,-4.56,-3.67,-1.32,-0.82,61.57,-11.0,-283.6363636363636,858.0,3.64,66507231.0
52,HLB이노베이션(2024/12),254.0,-119.0,-124.0,2680.0,2520.0,722.0,-79.0,-276.0,61.0,-46.86,-48.79,-4.920634920634921,-4.626865671641791,6.36,-141.0,-17.80141843971631,1701.0,1.48,144304123.0
56,네온테크(2020/12),391.0,14.0,-48.0,617.0,284.0,37.0,25.0,16.0,202.0,3.65,-12.26,-21.1,-8.49,117.33,-132.0,-21.893939393939394,807.0,3.58,37207622.0
57,네온테크(2021/12),499.0,-29.0,-45.0,738.0,351.0,40.0,-76.0,-90.0,224.0,-5.81,-8.94,-14.05,-6.58,110.32,-115.0,-35.30434782608695,925.0,4.39,39922508.0
58,네온테크(2022/12),529.0,-38.0,-81.0,905.0,451.0,42.0,-14.0,-23.0,200.0,-7.11,-15.23,-20.03,-9.8,100.84,-194.0,-17.216494845360824,1124.0,2.97,41688607.0
59,네온테크(2023/12),868.0,22.0,-34.0,1646.0,552.0,42.0,-56.0,-123.0,450.0,2.5,-3.88,-11.92,-2.63,198.3,-122.0,-20.983606557377048,1012.0,2.53,41713607.0
60,네온테크(2024/12),1045.0,36.0,3.0,1425.0,595.0,43.0,-5.0,-65.0,550.0,3.47,0.25,-3.88,0.17,139.61,-38.0,-71.05263157894737,1050.0,2.57,43088918.0
64,케이엔더블유(2020/12),279.0,-78.0,-99.0,761.0,436.0,51.0,-18.0,-31.0,141.0,-27.99,-35.38,-25.59,-13.78,74.62,-1280.0,-5.0078125,4311.0,1.49,10261347.0
65,케이엔더블유(2021/12),718.0,77.0,10.0,1554.0,579.0,61.0,148.0,57.0,592.0,10.75,1.42,2.01,0.88,168.65,87.0,177.31,4843.0,3.2,12135382.0
66,케이엔더블유(2022/12),996.0,153.0,181.0,1428.0,785.0,61.0,146.0,64.0,445.0,15.35,18.14,26.51,12.12,82.0,1489.0,5.44,6569.0,1.23,12135382.0
67,케이엔더블유(2023/12),954.0,52.0,21.0,1518.0,1251.0,80.0,104.0,32.0,112.0,5.47,2.15,2.02,1.39,21.35,152.0,56.13,7883.0,1.08,16060028.0
68,케이엔더블유(2024/12),785.0,-23.0,34.0,2076.0,1281.0,80.0,63.0,-144.0,534.0,-2.91,4.39,2.72,1.92,62.02,214.0,16.22,8075.0,0.43,16060028.0
88,이엘씨(2020/12),2451.0,178.0,83.0,2607.0,2124.0,61.0,309.0,305.0,40.0,7.25,3.38,3.97,3.33,22.78,680.0,24.28,17425.0,0.95,12188730.0
89,이엘씨(2021/12),1863.0,-51.0,25.0,2541.0,2090.0,61.0,98.0,87.0,89.0,-2.73,1.33,1.18,0.96,21.57,203.0,44.66,17151.0,0.53,12188730.0
90,이엘씨(2022/12),1376.0,-95.0,-58.0,2329.0,1987.0,61.0,-40.0,-45.0,18.0,-6.91,-4.21,-2.84,-2.38,17.2,-475.0,-10.631578947368421,16304.0,0.31,12188730.0
91,이엘씨(2023/12),161.0,-73.0,-78.0,2056.0,1842.0,61.0,111.0,104.0,62.0,-45.33,-48.67,-4.1,-3.58,11.64,-644.0,-11.180124223602485,15744.0,0.46,12188730.0
92,이엘씨(2024/12),292.0,-47.0,-3.0,1897.0,1798.0,61.0,14.0,5.0,3.0,-16.02,-0.91,-0.15,-0.14,5.5,-22.0,-222.95454545454547,15368.0,0.32,12188730.0
104,아이텍(2020/12),456.0,28.0,-52.0,1464.0,788.0,72.0,151.0,107.0,360.0,6.12,-11.52,-8.15,-4.35,85.82,-453.0,-18.984547461368653,5477.0,1.57,14387896.0
105,아이텍(2021/12),647.0,32.0,-81.0,1481.0,1083.0,94.0,84.0,27.0,262.0,4.94,-12.56,-8.33,-5.52,36.75,-494.0,-18.785425101214575,5840.0,1.59,18896166.0
106,아이텍(2022/12),767.0,7.0,217.0,1790.0,1417.0,100.0,112.0,22.0,180.0,0.94,28.26,17.84,13.24,26.32,1141.0,5.86,7113.0,0.94,20073756.0
107,아이텍(2023/12),522.0,-73.0,-105.0,2206.0,1475.0,107.0,-59.0,-164.0,421.0,-13.98,-20.18,-5.21,-5.27,49.61,-350.0,-20.514285714285716,6760.0,1.06,21434297.0
108,아이텍(2024/12),620.0,-49.0,200.0,2296.0,1685.0,107.0,128.0,10.0,363.0,-7.86,32.29,13.63,8.89,36.3,982.0,5.39,7736.0,0.68,21434297.0
120,KX하이텍(2020/12),747.0,73.0,16.0,1003.0,764.0,234.0,7.0,-113.0,53.0,9.83,2.12,2.24,1.81,31.38,33.0,48.59,1655.0,0.98,46885499.0
121,KX하이텍(2021/12),1049.0,87.0,49.0,1805.0,1043.0,258.0,110.0,13.0,357.0,8.25,4.7,5.36,3.51,73.13,101.0,18.09,1998.0,0.91,51628046.0
122,KX하이텍(2022/12),1564.0,123.0,145.0,1873.0,1139.0,276.0,138.0,-39.0,402.0,7.84,9.26,13.59,7.87,64.49,279.0,4.23,2046.0,0.58,55107517.0
123,KX하이텍(2023/12),1547.0,81.0,47.0,1951.0,1172.0,276.0,147.0,25.0,408.0,5.25,3.06,3.9,2.48,66.55,80.0,15.22,2123.0,0.58,55107517.0
124,KX하이텍(2024/12),1323.0,92.0,97.0,2085.0,1280.0,276.0,177.0,115.0,466.0,6.96,7.32,8.07,4.8,62.9,177.0,4.94,2324.0,0.38,55107517.0
144,인텍플러스(2020/12),563.0,70.0,92.0,526.0,307.0,63.0,-11.0,-13.0,97.0,12.47,16.4,35.22,19.47,71.57,733.0,21.41,2510.0,6.26,12612462.0
145,인텍플러스(2021/12),1197.0,275.0,226.0,1074.0,508.0,63.0,-8.0,-27.0,223.0,23.01,18.92,55.58,28.31,111.3,1787.0,18.16,4156.0,7.81,12697962.0
146,인텍플러스(2022/12),1188.0,194.0,163.0,1162.0,672.0,64.0,69.0,-16.0,229.0,16.29,13.75,27.69,14.61,72.98,1284.0,10.71,5469.0,2.51,12756962.0
147,인텍플러스(2023/12),748.0,-111.0,-108.0,1319.0,559.0,64.0,17.0,9.0,348.0,-14.83,-14.43,-17.54,-8.7,136.04,-844.0,-35.84123222748815,4519.0,6.69,12835962.0
148,인텍플러스(2024/12),839.0,-156.0,-119.0,1241.0,455.0,64.0,-73.0,-77.0,370.0,-18.58,-14.15,-23.42,-9.27,172.65,-923.0,-10.86673889490791,3671.0,2.73,12863962.0
152,유니트론텍(2020/12),2914.0,62.0,5.0,1623.0,554.0,60.0,-243.0,-293.0,700.0,2.15,0.18,3.2,0.38,192.93,103.0,55.46,3390.0,1.69,15138894.0
153,유니트론텍(2021/12),3784.0,176.0,52.0,2001.0,648.0,63.0,-302.0,-404.0,1006.0,4.65,1.36,14.77,2.84,208.67,528.0,9.88,3894.0,1.34,15744677.0
154,유니트론텍(2022/12),5250.0,309.0,135.0,2580.0,963.0,94.0,41.0,36.0,722.0,5.88,2.57,21.45,5.9,167.96,945.0,3.99,5002.0,0.75,18854715.0
155,유니트론텍(2023/12),5981.0,309.0,200.0,2485.0,1133.0,96.0,89.0,87.0,788.0,5.17,3.35,18.64,7.91,119.31,983.0,4.17,5697.0,0.72,19246092.0
156,유니트론텍(2024/12),7123.0,361.0,197.0,3117.0,1319.0,96.0,36.0,32.0,1138.0,5.07,2.77,17.88,7.04,136.24,1086.0,4.47,6662.0,0.73,19246092.0
160,미코(2020/12),2809.0,439.0,281.0,5189.0,2350.0,157.0,535.0,60.0,2101.0,15.61,10.01,12.43,6.08,120.83,414.0,36.48,3827.0,3.95,31316603.0
161,미코(2021/12),3655.0,697.0,150.0,7183.0,3725.0,167.0,797.0,-383.0,2277.0,19.06,4.09,-11.63,2.42,92.84,-555.0,-26.036036036036037,5973.0,2.42,33416778.0
162,미코(2022/12),4148.0,643.0,-312.0,7312.0,3763.0,167.0,804.0,287.0,2308.0,15.49,-7.53,-33.23,-4.31,94.3,-1653.0,-4.434361766485178,4503.0,1.63,33416778.0
163,미코(2023/12),3817.0,299.0,-20.0,8339.0,3661.0,167.0,416.0,-60.0,3328.0,7.83,-0.53,-25.04,-0.26,127.79,-816.0,-11.127450980392156,2410.0,3.77,33416778.0
164,미코(2024/12),5405.0,946.0,765.0,13927.0,5328.0,167.0,1205.0,-829.0,5202.0,17.51,14.16,20.43,6.87,161.37,542.0,14.79,3220.0,2.49,33416778.0
168,동운아나텍(2020/12),707.0,23.0,8.0,702.0,299.0,79.0,-93.0,-95.0,289.0,3.29,1.12,2.91,1.28,135.04,42.0,266.34,1738.0,6.51,18795287.0
169,동운아나텍(2021/12),507.0,-158.0,-149.0,632.0,204.0,88.0,-94.0,-104.0,316.0,-31.18,-29.35,-59.13,-22.29,209.57,-774.0,-10.355297157622738,1136.0,7.05,19276264.0
170,동운아나텍(2022/12),501.0,-63.0,-84.0,630.0,212.0,91.0,6.0,-3.0,305.0,-12.48,-16.77,-40.46,-13.32,198.0,-431.0,-20.92343387470998,1114.0,8.1,19861628.0
171,동운아나텍(2023/12),1115.0,251.0,262.0,864.0,607.0,95.0,236.0,225.0,87.0,22.52,23.53,64.09,35.11,42.34,1294.0,14.8,2923.0,6.55,20784450.0
172,동운아나텍(2024/12),1383.0,175.0,247.0,988.0,713.0,95.0,342.0,331.0,88.0,12.63,17.89,37.48,26.71,38.59,1187.0,15.15,3516.0,5.12,20909936.0
192,피델릭스(2020/12),587.0,-37.0,-52.0,599.0,372.0,164.0,157.0,146.0,71.0,-6.38,-8.78,-14.08,-8.01,61.02,-180.0,-7.25,1138.0,1.15,32708336.0
193,피델릭스(2021/12),776.0,38.0,29.0,525.0,406.0,166.0,71.0,70.0,49.0,4.91,3.74,7.45,5.16,29.25,88.0,17.56,1226.0,1.26,33132064.0
194,피델릭스(2022/12),726.0,63.0,82.0,578.0,491.0,166.0,8.0,4.0,27.0,8.66,11.37,18.39,14.96,17.73,249.0,5.14,1482.0,0.86,33132064.0
195,피델릭스(2023/12),528.0,7.0,11.0,574.0,500.0,166.0,24.0,16.0,22.0,1.34,2.01,2.15,1.84,14.94,32.0,50.92,1509.0,1.08,33132064.0
196,피델릭스(2024/12),448.0,-45.0,-22.0,567.0,476.0,166.0,-15.0,-24.0,42.0,-10.11,-4.92,-4.52,-3.87,19.2,-67.0,-17.91044776119403,1436.0,0.84,33132064.0
200,피엠티(2020/12),510.0,49.0,64.0,661.0,478.0,54.0,100.0,83.0,69.0,9.68,12.62,14.48,10.35,38.39,595.0,11.11,4417.0,1.5,10819866.0
201,피엠티(2021/12),605.0,102.0,79.0,701.0,557.0,54.0,101.0,30.0,54.0,16.93,12.99,15.19,11.53,25.9,726.0,12.28,5148.0,1.73,10819866.0
202,피엠티(2022/12),382.0,-52.0,-54.0,615.0,516.0,54.0,-24.0,-92.0,54.0,-13.67,-14.24,-10.15,-8.27,19.17,-503.0,-9.04572564612326,4772.0,0.95,10819866.0
203,피엠티(2023/12),330.0,-53.0,-56.0,684.0,453.0,54.0,-69.0,-144.0,158.0,-15.94,-16.8,-11.45,-8.54,50.91,-513.0,-10.077972709551657,4191.0,1.23,10819866.0
204,피엠티(2024/12),244.0,-131.0,-142.0,600.0,309.0,54.0,-57.0,-99.0,242.0,-53.71,-58.34,-37.31,-22.16,94.03,-1315.0,-2.159695817490494,2859.0,0.99,10819866.0
216,서플러스글로벌(2020/12),1256.0,154.0,117.0,2240.0,1349.0,37.0,320.0,-100.0,740.0,12.28,9.31,8.98,5.8,66.07,311.0,10.12,3818.0,0.82,36988000.0
217,서플러스글로벌(2021/12),2066.0,308.0,279.0,2767.0,1620.0,37.0,-36.0,-472.0,953.0,14.88,13.49,18.89,11.13,70.79,749.0,5.85,4598.0,0.95,36988000.0
218,서플러스글로벌(2022/12),2349.0,319.0,258.0,3684.0,1865.0,37.0,191.0,29.0,1117.0,13.58,10.99,14.82,8.01,97.5,691.0,5.05,5293.0,0.66,36988000.0
219,서플러스글로벌(2023/12),1660.0,130.0,56.0,3442.0,1891.0,37.0,-205.0,-239.0,1181.0,7.85,3.35,3.11,1.56,82.0,157.0,23.29,5394.0,0.68,36988000.0
220,서플러스글로벌(2024/12),2516.0,142.0,49.0,4521.0,1929.0,37.0,11.0,-176.0,1939.0,5.63,1.93,2.43,1.22,134.41,124.0,20.6,5527.0,0.46,36988000.0
224,KEC(2020/12),2010.0,-23.0,-449.0,3683.0,1688.0,584.0,142.0,82.0,1000.0,-1.16,-22.31,-24.43,-12.77,118.25,-361.0,-7.562326869806094,1297.0,2.11,125492329.0
225,KEC(2021/12),2675.0,265.0,102.0,4006.0,2791.0,724.0,272.0,111.0,598.0,9.92,3.8,4.41,2.65,43.5,74.0,46.58,1752.0,1.97,155644397.0
226,KEC(2022/12),2562.0,180.0,223.0,4011.0,3046.0,724.0,67.0,-345.0,480.0,7.04,8.69,7.67,5.56,31.67,140.0,12.95,1911.0,0.95,155660527.0
227,KEC(2023/12),2069.0,-330.0,-378.0,4477.0,3567.0,1004.0,-7.0,-113.0,440.0,-15.95,-18.27,-11.8,-8.91,25.52,-215.0,-7.241860465116279,1738.0,0.9,200763141.0
228,KEC(2024/12),2432.0,-133.0,-110.0,4505.0,3491.0,1004.0,299.0,186.0,484.0,-5.46,-4.52,-3.26,-2.45,29.03,-57.0,-13.68421052631579,1739.0,0.45,200763141.0
248,텔레칩스(2020/12),1007.0,-85.0,-94.0,1660.0,924.0,68.0,-154.0,-219.0,324.0,-8.41,-9.35,-9.63,-5.85,79.6,-697.0,-18.65136298421808,7358.0,1.77,13505911.0
249,텔레칩스(2021/12),1364.0,81.0,70.0,2073.0,1063.0,68.0,127.0,-51.0,469.0,5.92,5.16,7.08,3.77,95.02,521.0,33.42,8453.0,2.06,13505911.0
250,텔레칩스(2022/12),1504.0,92.0,459.0,3102.0,1697.0,69.0,-73.0,-593.0,773.0,6.1,30.52,33.27,17.74,82.81,3349.0,3.3,12418.0,0.89,13855911.0
251,텔레칩스(2023/12),1911.0,168.0,626.0,3748.0,2462.0,76.0,78.0,-29.0,834.0,8.78,32.78,30.12,18.29,52.23,4297.0,7.75,16679.0,2.0,15144233.0
252,텔레칩스(2024/12),1866.0,49.0,-386.0,3779.0,2017.0,76.0,57.0,43.0,1265.0,2.61,-20.66,-17.22,-10.25,87.31,-2546.0,-4.988216810683425,13667.0,0.93,15144233.0
256,싸이맥스(2020/12),1729.0,230.0,230.0,1906.0,1296.0,55.0,264.0,253.0,285.0,13.29,13.3,20.05,13.48,47.0,2113.0,9.84,12317.0,1.69,10924243.0
257,싸이맥스(2021/12),2423.0,324.0,242.0,2199.0,1504.0,55.0,360.0,327.0,316.0,13.38,9.97,17.77,11.77,46.19,2233.0,8.96,14358.0,1.39,10924243.0
258,싸이맥스(2022/12),1951.0,212.0,78.0,2260.0,1541.0,55.0,-6.0,-36.0,492.0,10.85,4.0,5.11,3.5,46.69,699.0,16.59,14805.0,0.78,10924243.0
259,싸이맥스(2023/12),1566.0,71.0,118.0,2126.0,1625.0,55.0,276.0,270.0,182.0,4.54,7.55,7.02,5.39,30.81,1008.0,14.32,15902.0,0.91,10924243.0
260,싸이맥스(2024/12),1651.0,234.0,154.0,2274.0,1737.0,55.0,123.0,102.0,153.0,14.18,9.34,9.17,7.01,30.94,1411.0,6.05,16992.0,0.5,10924243.0
264,오킨스전자(2020/12),451.0,8.0,4.0,583.0,308.0,44.0,68.0,-24.0,212.0,1.8,0.88,1.47,0.7,89.16,28.0,477.2,1724.0,7.63,17679298.0
265,오킨스전자(2021/12),593.0,26.0,17.0,774.0,357.0,88.0,101.0,24.0,317.0,4.35,2.84,5.79,2.48,116.94,108.0,249.4,2010.0,13.41,17679298.0
266,오킨스전자(2022/12),642.0,26.0,30.0,826.0,330.0,88.0,76.0,-44.0,390.0,4.07,4.69,8.36,3.76,150.38,161.0,114.05,1876.0,9.81,17679298.0
267,오킨스전자(2023/12),568.0,-3.0,10.0,914.0,359.0,88.0,72.0,-28.0,449.0,-0.46,1.76,3.0,1.15,154.64,58.0,155.39,2074.0,4.34,17679298.0
268,오킨스전자(2024/12),667.0,19.0,-54.0,871.0,276.0,88.0,106.0,-35.0,467.0,2.86,-8.11,-17.2,-6.06,215.74,-306.0,-14.477124183006536,1588.0,2.79,17679298.0
272,미래산업(2020/12),416.0,13.0,-67.0,958.0,641.0,19.0,-7.0,-101.0,167.0,3.04,-16.18,-10.31,-7.88,49.45,-271.0,-7.029520295202952,2337.0,0.81,27430325.0
273,미래산업(2021/12),483.0,85.0,75.0,1187.0,846.0,22.0,52.0,43.0,164.0,17.56,15.5,10.07,6.99,40.18,250.0,7.04,2589.0,0.68,32717265.0
274,미래산업(2022/12),562.0,80.0,80.0,1344.0,934.0,22.0,0.0,-5.0,209.0,14.28,14.28,9.01,6.34,43.96,245.0,5.54,2856.0,0.48,32717265.0
275,미래산업(2023/12),217.0,-160.0,-315.0,1038.0,764.0,152.0,67.0,65.0,153.0,-73.48,-144.91,-37.1,-26.45,35.77,-890.0,-2.1382022471910114,2045.0,0.93,37400617.0
276,미래산업(2024/12),270.0,121.0,66.0,1316.0,1060.0,291.0,3.0,-312.0,131.0,44.82,24.42,7.24,5.61,24.15,169.0,4.74,1821.0,0.44,58229134.0
280,프로텍(2020/12),865.0,154.0,111.0,2275.0,2067.0,55.0,110.0,108.0,50.0,17.8,12.86,5.54,4.84,10.03,1040.0,26.36,21105.0,1.3,11000000.0
281,프로텍(2021/12),1740.0,503.0,471.0,2856.0,2511.0,55.0,198.0,159.0,49.0,28.93,27.05,20.66,18.35,13.77,4288.0,6.26,25641.0,1.05,11000000.0
282,프로텍(2022/12),1988.0,601.0,423.0,3462.0,3032.0,55.0,468.0,428.0,98.0,30.22,21.27,16.22,13.39,14.17,3834.0,5.53,29951.0,0.71,11000000.0
283,프로텍(2023/12),1561.0,174.0,171.0,3623.0,3144.0,55.0,259.0,180.0,210.0,11.17,10.95,7.43,4.83,15.24,1874.0,24.36,31733.0,1.44,11000000.0
284,프로텍(2024/12),1703.0,134.0,127.0,3768.0,3228.0,55.0,191.0,135.0,252.0,7.89,7.49,7.35,3.45,16.71,1971.0,11.09,33802.0,0.65,11000000.0
296,유니퀘스트(2020/12),4028.0,90.0,205.0,3800.0,2367.0,137.0,88.0,82.0,444.0,2.24,5.1,10.8,5.63,60.54,878.0,16.75,8610.0,1.71,27307225.0
297,유니퀘스트(2021/12),5910.0,245.0,604.0,4903.0,3085.0,137.0,98.0,84.0,614.0,4.15,10.22,23.53,13.88,58.94,2289.0,5.29,11339.0,1.07,27342975.0
298,유니퀘스트(2022/12),7295.0,473.0,441.0,6107.0,3478.0,137.0,-463.0,-468.0,1088.0,6.48,6.04,15.17,8.01,75.58,1796.0,4.59,13196.0,0.63,27355975.0
299,유니퀘스트(2023/12),6659.0,340.0,163.0,4544.0,2137.0,115.0,-48.0,-64.0,1268.0,5.1,2.45,6.91,3.07,112.68,752.0,8.08,9906.0,0.61,21794015.0
300,유니퀘스트(2024/12),7105.0,341.0,49.0,4824.0,2314.0,115.0,21.0,19.0,1379.0,4.81,0.7,2.37,1.06,108.45,243.0,27.36,10743.0,0.62,21600102.0
304,한국전자홀딩스(2020/12),2215.0,-2.0,-348.0,4122.0,2075.0,234.0,183.0,118.0,1090.0,-0.09,-15.71,-5.36,-8.68,98.67,-120.0,-7.808333333333334,2315.0,0.4,46803136.0
305,한국전자홀딩스(2021/12),3312.0,385.0,292.0,4636.0,3099.0,234.0,345.0,179.0,748.0,11.63,8.81,20.34,6.66,49.61,497.0,4.39,2900.0,0.75,46803136.0
306,한국전자홀딩스(2022/12),3240.0,300.0,312.0,4691.0,3453.0,234.0,40.0,-400.0,591.0,9.27,9.64,12.01,6.7,35.84,346.0,2.89,3242.0,0.31,46803136.0
307,한국전자홀딩스(2023/12),2668.0,-247.0,-288.0,5031.0,3861.0,234.0,108.0,1.0,574.0,-9.25,-10.8,-2.1,-5.93,30.3,-62.0,-14.67741935483871,3052.0,0.3,46803136.0
308,한국전자홀딩스(2024/12),2943.0,-41.0,-34.0,5179.0,3946.0,234.0,380.0,255.0,560.0,-1.4,-1.15,3.5,-0.66,31.25,105.0,6.61,3345.0,0.21,46803136.0
312,제너셈(2020/12),419.0,-10.0,-11.0,543.0,161.0,44.0,-43.0,-46.0,219.0,-2.49,-2.52,-6.32,-2.05,237.18,-121.0,-33.553719008264466,1838.0,2.21,8769174.0
313,제너셈(2021/12),597.0,56.0,52.0,679.0,276.0,44.0,44.0,36.0,217.0,9.43,8.78,18.84057971014493,7.658321060382916,146.16,598.0,14.59,3143.0,2.77,8769174.0
314,제너셈(2022/12),596.0,85.0,122.0,792.0,402.0,44.0,85.0,63.0,221.0,14.29,20.45,36.09,16.58,96.96,1395.0,3.66,4588.0,1.11,8769174.0
315,제너셈(2023/12),565.0,36.0,36.0,778.0,424.0,44.0,30.0,28.0,209.0,6.31,6.37,9.0,4.58,83.33,425.0,31.92,4857.0,2.79,8769174.0
316,제너셈(2024/12),687.0,65.0,61.0,864.0,499.0,44.0,101.0,86.0,204.0,9.52,8.91,13.14,7.46,73.24,694.0,9.77,5701.0,1.19,8769174.0
328,네오셈(2020/12),486.0,120.0,81.0,640.0,432.0,38.0,138.0,136.0,138.0,24.69,16.6,20.01,12.6,48.06,215.0,16.8,1193.0,3.03,37575588.0
329,네오셈(2021/12),372.0,48.0,56.0,888.0,509.0,38.0,-46.0,-71.0,303.0,13.04,15.18,11.99,7.38,74.46,150.0,24.12,1401.0,2.58,37677501.0
330,네오셈(2022/12),747.0,84.0,100.0,1308.0,623.0,38.0,133.0,101.0,233.0,11.2,13.39,17.66,9.1,110.04,262.0,12.86,1714.0,1.96,38454626.0
331,네오셈(2023/12),1009.0,81.0,83.0,1064.0,868.0,43.0,106.0,50.0,53.0,8.01,8.21,11.11,6.98,22.62,207.0,37.87,2101.0,3.74,43446155.0
332,네오셈(2024/12),1052.0,165.0,192.0,1419.0,1159.0,44.0,193.0,151.0,51.0,15.65,18.26,18.96,15.47,22.44,438.0,19.94,2727.0,3.2,43869164.0
336,엑사이엔씨(2020/12),2343.0,10.0,-3.0,1623.0,698.0,166.0,-56.0,-69.0,378.0,0.41,-0.11,-1.38,-0.17,132.38,-23.0,-64.56521739130434,1782.0,0.83,33173548.0
337,엑사이엔씨(2021/12),2208.0,-40.0,-37.0,1788.0,667.0,166.0,-124.0,-138.0,500.0,-1.82,-1.68,-8.26,-2.17,168.09,-141.0,-9.645390070921986,1628.0,0.84,33173548.0
338,엑사이엔씨(2022/12),2268.0,93.0,79.0,1513.0,734.0,166.0,258.0,236.0,390.0,4.11,3.5,13.06,4.8,106.03,227.0,5.92,1853.0,0.73,33173548.0
339,엑사이엔씨(2023/12),1743.0,34.0,-9.0,1380.0,728.0,166.0,24.0,-12.0,311.0,1.96,-0.51,-1.24,-0.62,89.57,-23.0,-38.26086956521739,1836.0,0.48,33173548.0
340,엑사이엔씨(2024/12),2031.0,85.0,77.0,1694.0,837.0,166.0,57.0,31.0,315.0,4.19,3.8,10.39,5.02,102.43,203.0,3.44,2079.0,0.34,33173548.0
344,엘오티베큠(2020/12),1712.0,42.0,40.0,2276.0,1620.0,83.0,255.0,185.0,270.0,2.43,2.34,2.39,1.83,40.48,242.0,78.67,10105.0,1.88,16539093.0
345,엘오티베큠(2021/12),2596.0,264.0,207.0,2638.0,1934.0,89.0,235.0,119.0,184.0,10.15,7.97,11.48,8.42,36.43,1151.0,14.94,11468.0,1.5,17810033.0
346,엘오티베큠(2022/12),3742.0,298.0,221.0,3237.0,2115.0,89.0,72.0,1.0,334.0,7.97,5.9,12.27,7.51,53.02,1383.0,8.17,12896.0,0.88,17810033.0
347,엘오티베큠(2023/12),4730.0,672.0,503.0,3681.0,2601.0,89.0,830.0,765.0,356.0,14.2,10.63,22.87,14.54,41.5,3002.0,6.71,15723.0,1.28,17810033.0
348,엘오티베큠(2024/12),2660.0,-42.0,24.0,3392.0,2568.0,89.0,44.0,-2.0,338.0,-1.57,0.89,0.65,0.67,32.07,93.0,89.7,15762.0,0.53,17810033.0
352,알에프세미(2020/12),339.0,-210.0,-203.0,877.0,373.0,47.0,-18.0,-25.0,406.0,-62.01,-59.89,-46.59,-21.35,135.39,-2352.0,-2.4659863945578233,4016.0,1.44,9494724.0
353,알에프세미(2021/12),368.0,-110.0,-92.0,872.0,345.0,52.0,-49.0,-58.0,382.0,-29.98,-25.04,-25.58,-10.53,152.67,-923.0,-6.489707475622969,3365.0,1.78,10474399.0
354,알에프세미(2022/12),332.0,-105.0,-137.0,774.0,302.0,54.0,-7.0,-11.0,351.0,-31.57,-41.29,-42.32,-16.68,156.29,-1263.0,-1.828978622327791,2779.0,0.83,10873812.0
355,알에프세미(2023/12),271.0,-173.0,-436.0,306.0,146.0,87.0,-16.0,-16.0,87.0,-63.84,-161.04,-194.16,-80.74,109.98,-3114.0,-1.144829800899165,841.0,4.24,17386411.0
356,알에프세미(2024/12),244.0,-26.0,-28.0,228.0,120.0,87.0,9.0,8.0,46.0,-10.66,-11.61,-21.35,-10.61,89.49,-163.0,-18.190184049079754,685.0,4.33,17386411.0
360,NPX(2020/12),161.0,30.0,22.0,177.0,55.0,28.0,15.0,15.0,85.0,18.55,13.87,51.09,13.73,221.65,352.0,9.95,864.0,4.05,5637326.0
361,NPX(2021/12),223.0,48.0,4.0,289.0,237.0,41.0,11.0,11.0,2.0,21.57,1.89,2.89,1.81,21.88,58.0,147.91,2907.0,2.93,8143866.0
362,NPX(2022/12),125.0,-5.0,1.0,260.0,238.0,41.0,-13.0,-14.0,1.0,-4.32,0.98,0.51,0.44,8.86,15.0,344.48,2928.0,1.76,8143866.0
363,NPX(2023/12),37.0,-67.0,-73.0,266.0,236.0,49.0,-40.0,-40.0,1.0,-181.49,-198.82,-30.94,-27.9,12.98,-865.0,-9.248554913294798,2382.0,3.38,9894439.0
364,NPX(2024/12),83.0,-32.0,-30.0,223.0,206.0,49.0,-40.0,-40.0,2.0,-38.65,-36.56,-13.73,-12.38,8.52,-306.0,-26.274509803921568,2081.0,3.86,9894439.0
368,지니틱스(2020/12),404.0,16.0,-3.0,417.0,302.0,36.0,24.0,23.0,46.0,3.85,-0.64,-0.87,-0.61,37.92,-7.0,-356.42857142857144,849.0,2.94,35590569.0
369,지니틱스(2021/12),388.0,16.0,-1.0,434.0,301.0,36.0,23.0,21.0,46.0,4.14,-0.27,-0.35,-0.25,44.19,-3.0,-1073.3333333333333,842.0,3.83,35745668.0
370,지니틱스(2022/12),276.0,-52.0,-91.0,309.0,219.0,36.0,-78.0,-82.0,45.0,-18.94,-32.83,-34.9,-24.4,41.45,-254.0,-5.275590551181103,612.0,2.19,35745668.0
371,지니틱스(2023/12),331.0,-60.0,-59.0,285.0,162.0,36.0,-23.0,-24.0,46.0,-18.29,-17.77,-30.88,-19.77,76.13,-164.0,-9.71951219512195,453.0,3.52,35745668.0
372,지니틱스(2024/12),541.0,3.0,7.0,276.0,169.0,36.0,48.0,48.0,47.0,0.52,1.21,3.94,2.33,63.11,18.0,61.59,474.0,2.37,35745668.0
376,덕산테코피아(2020/12),784.0,140.0,126.0,1705.0,1580.0,92.0,164.0,-1.0,27.0,17.92,16.12,7.974683544303797,7.390029325513196,7.87,694.0,25.66,8589.0,2.07,18377428.0
377,덕산테코피아(2021/12),1124.0,220.0,174.0,2443.0,1730.0,92.0,211.0,-154.0,424.0,19.56,15.46,10.82,8.38,41.24,970.0,31.8,9481.0,3.25,18377428.0
378,덕산테코피아(2022/12),1110.0,93.0,150.0,2985.0,2033.0,92.0,123.0,-663.0,694.0,8.34,13.56,8.91,5.54,46.85,874.0,15.45,10385.0,1.3,18377428.0
379,덕산테코피아(2023/12),941.0,-62.0,-193.0,5144.0,1843.0,92.0,-78.0,-1570.0,1996.0,-6.62,-20.49,-4.05,-4.74,179.08,-403.0,-46.37717121588089,9756.0,1.92,18377428.0
380,덕산테코피아(2024/12),997.0,-302.0,-726.0,6630.0,2057.0,102.0,-562.0,-946.0,2677.0,-30.31,-72.8,-28.3,-12.33,222.24,-2681.0,-11.059306229019024,9681.0,3.06,20476584.0
400,픽셀플러스(2020/12),391.0,10.0,40.0,865.0,804.0,41.0,20.0,-11.0,8.0,2.49,10.19,5.03,4.69,7.5,488.0,15.26,12628.0,0.59,8166558.0
401,픽셀플러스(2021/12),506.0,34.0,37.0,926.0,843.0,41.0,-100.0,-166.0,13.0,6.62,7.4,4.55,4.18,9.84,459.0,26.49,13240.0,0.92,8166558.0
402,픽셀플러스(2022/12),629.0,29.0,2.0,949.0,847.0,41.0,13.0,-63.0,51.0,4.62,0.39,0.29,0.26,12.07,30.0,253.42,13297.0,0.58,8166558.0
403,픽셀플러스(2023/12),507.0,-63.0,-4.0,1058.0,840.0,41.0,114.0,-51.0,147.0,-12.39,-0.85,-0.51,-0.43,25.9,-53.0,-130.9433962264151,13063.0,0.53,8166558.0
404,픽셀플러스(2024/12),535.0,8.0,35.0,1063.0,876.0,41.0,-3.0,-192.0,141.0,1.58,6.49,4.05,3.28,21.35,425.0,15.26,13517.0,0.48,8166558.0
408,코세스(2020/12),638.0,95.0,63.0,725.0,287.0,84.0,-50.0,-60.0,335.0,14.95,9.94,22.76,10.03,152.95,379.0,23.24,1863.0,4.72,16584962.0
409,코세스(2021/12),772.0,138.0,111.0,745.0,513.0,84.0,127.0,122.0,45.0,17.94,14.42,27.84,15.15,45.16,671.0,22.8,3093.0,4.95,16584962.0
410,코세스(2022/12),729.0,85.0,79.0,745.0,600.0,84.0,129.0,124.0,20.0,11.72,10.81,14.17,10.58,24.3,475.0,21.26,3615.0,2.79,16584962.0
411,코세스(2023/12),957.0,80.0,70.0,991.0,664.0,84.0,-150.0,-154.0,141.0,8.38,7.28,11.02,8.02,49.16,420.0,25.67,4006.0,2.69,16584962.0
412,코세스(2024/12),692.0,-56.0,-2.0,859.0,608.0,84.0,131.0,129.0,100.0,-8.11,-0.29,-0.3289473684210526,-0.23282887077997672,41.27,-12.0,-547.5,3809.0,1.72,16584962.0
416,LB세미콘(2020/12),4428.0,428.0,316.0,5275.0,2183.0,219.0,795.0,-70.0,2328.0,9.66,7.14,16.71,6.29,141.67,618.0,23.87,3977.0,3.71,43784592.0
417,LB세미콘(2021/12),4962.0,442.0,383.0,7003.0,3354.0,219.0,1099.0,-480.0,2674.0,8.91,7.72,16.16,6.24,108.77,743.0,17.97,5222.0,2.56,43784592.0
418,LB세미콘(2022/12),5246.0,568.0,447.0,7671.0,3811.0,219.0,1240.0,-386.0,3028.0,10.83,8.52,16.16,6.09,101.26,918.0,7.18,6142.0,1.07,43784592.0
419,LB세미콘(2023/12),4169.0,-127.0,-166.0,7912.0,3661.0,219.0,808.0,49.0,3289.0,-3.05,-3.98,-5.82,-2.13,116.09,-347.0,-22.276657060518733,5769.0,1.34,43784592.0
420,LB세미콘(2024/12),4509.0,-188.0,-230.0,8060.0,3462.0,219.0,520.0,-1030.0,3875.0,-4.17,-5.11,-9.19,-2.88,132.8,-507.0,-7.021696252465484,5253.0,0.68,43784592.0
424,예스티(2020/12),661.0,5.0,4.0,1657.0,655.0,75.0,115.0,66.0,861.0,0.7,0.61,0.48,0.24,153.22,20.0,453.17,4518.0,1.97,14943514.0
425,예스티(2021/12),724.0,-111.0,-216.0,2150.0,851.0,86.0,-52.0,-114.0,1082.0,-15.33,-29.88,-29.71,-11.36,152.75,-1251.0,-11.071143085531574,4651.0,2.98,17291129.0
426,예스티(2022/12),760.0,-169.0,-52.0,1897.0,820.0,90.0,-178.0,-218.0,876.0,-22.21,-6.88,-3.56,-2.58,131.42,-161.0,-44.72049689440994,4626.0,1.56,18051850.0
427,예스티(2023/12),798.0,-4.0,-287.0,2096.0,774.0,95.0,17.0,-18.0,659.0,-0.52,-35.99,-36.27,-14.38,170.73,-1524.0,-10.885826771653543,4102.0,4.04,19044342.0
428,예스티(2024/12),1001.0,113.0,112.0,2044.0,1258.0,105.0,85.0,2.0,468.0,11.25,11.2,10.51,5.42,62.47,511.0,19.2,6070.0,1.62,20930108.0
440,에이디테크놀로지(2020/12),2924.0,135.0,28.0,2203.0,1485.0,66.0,121.0,-329.0,452.0,4.61,0.97,3.23,1.72,48.39,285.0,106.66,11141.0,2.73,13274598.0
441,에이디테크놀로지(2021/12),3221.0,114.0,150.0,2342.0,1643.0,67.0,15.0,-1.0,420.0,3.54,4.64,9.79,6.58,42.52,1135.0,21.24,12300.0,1.96,13329832.0
442,에이디테크놀로지(2022/12),1642.0,44.0,56.0,2341.0,1676.0,67.0,321.0,307.0,498.0,2.68,3.42,3.61,2.4,39.63,445.0,27.66,12714.0,0.97,13334327.0
443,에이디테크놀로지(2023/12),1002.0,-174.0,-163.0,2894.0,1487.0,67.0,190.0,-75.0,636.0,-17.38,-16.23,-10.23,-6.21,94.57,-1195.0,-27.02928870292887,11299.0,2.86,13427069.0
444,에이디테크놀로지(2024/12),1065.0,-170.0,-152.0,2449.0,1316.0,67.0,-135.0,-264.0,600.0,-15.91,-14.24,-10.24,-5.68,86.04,-1061.0,-15.032987747408106,10125.0,1.58,13440822.0
448,뉴파워프라즈마(2020/12),1088.0,108.0,406.0,4937.0,2162.0,44.0,245.0,-216.0,1472.0,9.92,37.34,26.21,12.62,128.34,997.0,6.61,4412.0,1.49,43692624.0
449,뉴파워프라즈마(2021/12),3101.0,245.0,273.0,5347.0,2456.0,44.0,177.0,-134.0,1469.0,7.89,8.8,12.02,5.31,117.7,531.0,12.07,4943.0,1.3,43692624.0
450,뉴파워프라즈마(2022/12),3529.0,141.0,203.0,6333.0,2659.0,44.0,357.0,-19.0,1914.0,4.0,5.74,11.79,3.47,138.16,585.0,6.05,5561.0,0.64,43692624.0
451,뉴파워프라즈마(2023/12),3507.0,161.0,163.0,6736.0,2772.0,44.0,329.0,110.0,1925.0,4.59,4.64,8.16,2.49,143.01,441.0,11.9,6007.0,0.87,43692624.0
452,뉴파워프라즈마(2024/12),5198.0,325.0,232.0,9415.0,3950.0,44.0,632.0,210.0,2653.0,6.26,4.46,7.43,2.87,138.34,437.0,10.11,6705.0,0.66,43692624.0
456,시그네틱스(2020/12),2015.0,-145.0,-373.0,1667.0,1064.0,429.0,61.0,14.0,234.0,-7.18,-18.52,-30.75,-21.36,56.76,-436.0,-1.9564220183486238,1241.0,0.69,85728319.0
457,시그네틱스(2021/12),2699.0,193.0,170.0,1823.0,1235.0,429.0,94.0,-10.0,67.0,7.14,6.3,14.78,9.74,47.63,198.0,12.71,1441.0,1.75,85728319.0
458,시그네틱스(2022/12),2876.0,89.0,75.0,1932.0,1313.0,429.0,144.0,-76.0,157.0,3.09,2.62,5.91,4.01,47.14,88.0,11.72,1532.0,0.67,85728319.0
459,시그네틱스(2023/12),1855.0,-150.0,-154.0,1534.0,1179.0,429.0,45.0,9.0,136.0,-8.09,-8.32,-12.38,-8.9,30.06,-180.0,-6.866666666666666,1376.0,0.9,85728319.0
460,시그네틱스(2024/12),1182.0,-258.0,-509.0,1053.0,692.0,429.0,-35.0,-86.0,98.0,-21.87,-43.1,-54.42,-39.37,52.17,-594.0,-1.4545454545454546,807.0,1.07,85728319.0
472,케이씨(2020/12),5764.0,761.0,574.0,8734.0,6590.0,68.0,462.0,257.0,190.0,13.2,9.96,9.19,7.39,32.54,3534.0,7.82,47636.0,0.58,13554044.0
473,케이씨(2021/12),5538.0,655.0,638.0,9645.0,7473.0,68.0,109.0,-157.0,355.0,11.82,11.51,8.28,6.94,29.07,3854.0,5.93,53832.0,0.42,13554044.0
474,케이씨(2022/12),8580.0,1012.0,1188.0,10046.0,7908.0,68.0,1080.0,667.0,266.0,11.79,13.85,14.47,12.07,27.05,7343.0,2.32,58058.0,0.29,13554044.0
475,케이씨(2023/12),7270.0,664.0,614.0,10623.0,8649.0,68.0,589.0,154.0,351.0,9.13,8.45,6.44,5.95,22.82,3508.0,5.25,63264.0,0.29,13554044.0
476,케이씨(2024/12),7385.0,280.0,515.0,10468.0,8576.0,68.0,368.0,18.0,311.0,3.79,6.97,6.08,4.88,22.07,3429.0,4.84,68206.0,0.24,13554044.0
480,라온테크(2020/12),184.0,11.0,8.0,248.0,45.0,22.0,-7.0,-9.0,102.0,5.73,4.59,21.67,3.88,451.18,78.0,65.11,412.0,12.3,10927487.0
481,라온테크(2021/12),369.0,52.0,59.0,389.0,195.0,25.0,0.0,-25.0,86.0,14.23,15.92,48.89,18.44,99.23,503.0,31.49,1581.0,10.02,12339234.0
482,라온테크(2022/12),594.0,89.0,75.0,463.0,281.0,62.0,81.0,64.0,71.0,15.05,12.58,31.4,17.55,64.77,602.0,14.52,2252.0,3.89,12480734.0
483,라온테크(2023/12),345.0,20.0,23.0,464.0,282.0,63.0,60.0,55.0,90.0,5.74,6.71,8.24,5.0,64.52,185.0,51.11,2304.0,4.11,12504234.0
484,라온테크(2024/12),492.0,25.0,52.0,614.0,323.0,63.0,86.0,56.0,170.0,5.05,10.62,16.09907120743034,8.469055374592834,89.92,417.0,14.9,2713.0,2.29,12534234.0
488,제주반도체(2020/12),1270.0,66.0,111.0,1568.0,921.0,164.0,123.0,78.0,312.0,5.18,8.76,12.77,7.03,70.24,329.0,11.38,2901.0,1.29,32521064.0
489,제주반도체(2021/12),1933.0,201.0,128.0,1680.0,1171.0,174.0,73.0,40.0,173.0,10.38,6.62,12.14,7.89,43.43,368.0,17.66,3477.0,1.87,34442833.0
490,제주반도체(2022/12),1583.0,263.0,247.0,1760.0,1427.0,174.0,-22.0,-30.0,174.0,16.63,15.61,18.92,14.37,23.33,706.0,5.07,4234.0,0.85,34442833.0
491,제주반도체(2023/12),1459.0,178.0,169.0,1987.0,1586.0,174.0,25.0,6.0,202.0,12.23,11.6,11.21,9.03,25.29,486.0,28.21,4717.0,2.9,34442833.0
492,제주반도체(2024/12),1624.0,96.0,194.0,2254.0,1842.0,174.0,-97.0,-123.0,225.0,5.9,11.95,11.44,9.15,22.36,567.0,15.72,5469.0,1.63,34442833.0
496,엘티씨(2020/12),948.0,45.0,-43.0,1658.0,878.0,38.0,100.0,86.0,603.0,4.76,-4.57,-4.72,-2.56,88.82,-535.0,-23.08411214953271,11395.0,1.08,7674308.0
497,엘티씨(2021/12),783.0,-84.0,-91.0,1593.0,839.0,40.0,-83.0,-88.0,557.0,-10.72,-11.58,-11.78,-5.58,89.94,-1194.0,-9.715242881072026,10227.0,1.13,8019363.0
498,엘티씨(2022/12),2194.0,108.0,30.0,2715.0,933.0,40.0,232.0,214.0,1173.0,4.91,1.38,2.64,1.41,191.02,263.0,37.97,10649.0,0.94,8064765.0
499,엘티씨(2023/12),1134.0,-160.0,-288.0,2997.0,1093.0,47.0,-120.0,-204.0,1314.0,-14.15,-25.4,-31.78,-10.08,174.25,-3069.0,-4.9332029977191265,9535.0,1.59,9411560.0
500,엘티씨(2024/12),2770.0,242.0,144.0,3257.0,1873.0,49.0,204.0,67.0,870.0,8.73,5.21,10.44,4.61,73.93,1030.0,8.54,11702.0,0.75,9805620.0
520,알파홀딩스(2020/12),643.0,-70.0,-39.0,1430.0,776.0,104.0,29.0,-98.0,447.0,-10.81,-6.12,-5.62,-2.83,84.21,-213.0,-21.525821596244132,3844.0,1.19,20813590.0
521,알파홀딩스(2021/12),744.0,-50.0,-139.0,1484.0,821.0,111.0,-23.0,-73.0,309.0,-6.72,-18.61,-17.35,-9.51,80.69,-639.0,-4.757433489827856,3784.0,0.8,22287952.0
522,알파홀딩스(2022/12),898.0,-32.0,-512.0,879.0,505.0,159.0,-15.0,-67.0,141.0,-3.59,-56.98,-77.11,-43.31,74.13,-1961.0,-0.5966343702192759,1622.0,0.72,31714259.0
523,알파홀딩스(2023/12),799.0,-28.0,-230.0,578.0,347.0,191.0,-31.0,-60.0,72.0,-3.48,-28.83,-54.02,-31.61,66.42,-640.0,-1.4765625,921.0,1.03,37677724.0
524,알파홀딩스(2024/12),853.0,-14.0,-84.0,530.0,335.0,248.0,7.0,-7.0,70.0,-1.66,-9.9,-24.7,-15.24,57.96,-213.0,-4.436619718309859,684.0,1.38,49031047.0
528,코미코(2020/12),2008.0,356.0,243.0,3151.0,1694.0,50.0,521.0,243.0,1003.0,17.72,12.07,17.01,7.99,86.02,2680.0,18.64,17023.0,2.93,9987721.0
529,코미코(2021/12),2570.0,588.0,472.0,3761.0,2220.0,50.0,653.0,113.0,1072.0,22.89,18.34,24.09,13.64,69.39,4707.0,14.26,22240.0,3.02,10020447.0
530,코미코(2022/12),2884.0,554.0,420.0,3878.0,2577.0,50.0,787.0,496.0,695.0,19.21,14.55,17.5,10.99,50.5,4188.0,10.29,25921.0,1.66,10020447.0
531,코미코(2023/12),3073.0,330.0,455.0,5939.0,2880.0,52.0,652.0,323.0,2200.0,10.75,14.81,13.48,9.27,106.23,3070.0,21.01,20223.0,3.19,10460684.0
532,코미코(2024/12),5071.0,1125.0,878.0,8003.0,3757.0,52.0,1156.0,-377.0,2876.0,22.18,17.32,23.36,12.6,113.02,5340.0,6.85,26373.0,1.39,10460684.0
552,러셀(2020/12),345.0,27.0,17.0,535.0,412.0,32.0,56.0,53.0,10.0,7.87,4.85,4.12621359223301,3.177570093457944,29.77,60.0,48.19,1434.0,2.01,31812000.0
553,러셀(2021/12),578.0,56.0,61.0,726.0,503.0,32.0,120.0,117.0,72.0,9.78,10.59,13.51,9.7,44.27,194.0,24.05,1719.0,2.72,31812000.0
554,러셀(2022/12),419.0,45.0,38.0,784.0,555.0,32.0,-66.0,-68.0,73.0,10.73,9.13,6.37,5.07,41.32,103.0,25.62,1830.0,1.44,31812000.0
555,러셀(2023/12),447.0,19.0,15.0,746.0,561.0,32.0,3.0,2.0,84.0,4.19,3.37,4.89,1.97,32.93,83.0,37.78,1889.0,1.66,31812000.0
556,러셀(2024/12),375.0,20.0,42.0,776.0,594.0,32.0,23.0,23.0,68.0,5.45,11.2,8.06,5.52,30.69,143.0,10.14,1994.0,0.73,31812000.0
576,마이크로컨텍솔(2020/12),393.0,17.0,11.0,427.0,345.0,42.0,24.0,16.0,31.0,4.21,2.85,3.32,2.77,23.88,135.0,45.82,4134.0,1.49,8312766.0
577,마이크로컨텍솔(2021/12),614.0,79.0,76.0,516.0,419.0,42.0,90.0,24.0,11.0,12.93,12.34,19.78,16.05,23.29,904.0,15.59,5012.0,2.81,8312766.0
578,마이크로컨텍솔(2022/12),611.0,79.0,70.0,573.0,490.0,42.0,105.0,70.0,10.0,12.93,11.54,15.55,12.93,16.96,848.0,6.14,5894.0,0.88,8312766.0
579,마이크로컨텍솔(2023/12),648.0,74.0,74.0,630.0,551.0,42.0,92.0,60.0,7.0,11.46,11.4,14.22,12.28,14.25,890.0,15.69,6629.0,2.11,8312766.0
580,마이크로컨텍솔(2024/12),697.0,102.0,107.0,769.0,651.0,42.0,47.0,-10.0,6.0,14.65,15.33,17.78,15.27,18.23,1285.0,3.98,7823.0,0.65,8312766.0
584,엠케이전자(2020/12),8758.0,1110.0,801.0,19829.0,9178.0,109.0,3305.0,3219.0,3298.0,12.68,9.15,8.42,4.2,116.04,1269.0,8.31,16861.0,0.63,21807689.0
585,엠케이전자(2021/12),9580.0,1085.0,1187.0,21845.0,10259.0,109.0,2704.0,2604.0,3544.0,11.33,12.39,8.89,5.7,112.93,1528.0,12.1,19019.0,0.97,21807689.0
586,엠케이전자(2022/12),10232.0,803.0,31.0,21700.0,10174.0,109.0,802.0,714.0,3506.0,7.85,0.3,-2.94,0.14,113.28,-531.0,-21.092278719397363,18711.0,0.6,21807689.0
587,엠케이전자(2023/12),11170.0,465.0,-391.0,23079.0,9771.0,110.0,-3257.0,-3708.0,3503.0,4.16,-3.5,-9.18,-1.75,136.19,-1602.0,-7.634207240948814,17838.0,0.69,22066331.0
588,엠케이전자(2024/12),11706.0,561.0,-377.0,23142.0,9141.0,110.0,1664.0,1528.0,4086.0,4.79,-3.22,-7.45,-1.63,153.18,-1218.0,-5.402298850574713,16452.0,0.4,22066331.0
592,아진엑스텍(2020/12),226.0,7.0,13.0,483.0,432.0,51.0,44.0,42.0,18.0,2.91,5.68,2.97,2.67,11.98,128.0,47.48,4502.0,1.35,9748596.0
593,아진엑스텍(2021/12),416.0,52.0,43.0,513.0,446.0,51.0,31.0,16.0,9.0,12.39,10.3,9.78,8.61,15.1,440.0,27.14,4780.0,2.5,9748596.0
594,아진엑스텍(2022/12),357.0,21.0,16.0,504.0,436.0,51.0,-19.0,-38.0,11.0,5.77,4.57,3.69,3.21,15.51,167.0,46.59,4745.0,1.64,9748596.0
595,아진엑스텍(2023/12),249.0,-9.0,5.0,477.0,428.0,51.0,-8.0,-18.0,12.0,-3.67,1.99,1.14,1.01,11.44,51.0,200.6,4694.0,2.17,9748596.0
596,아진엑스텍(2024/12),252.0,-42.0,-28.0,451.0,403.0,51.0,6.0,4.0,9.0,-16.64,-11.29,-6.84,-6.12,12.07,-292.0,-22.534246575342465,4398.0,1.5,9748596.0
608,매커스(2020/12),869.0,95.0,81.0,955.0,562.0,81.0,-8.0,-8.0,17.0,10.89,9.3,14.57,8.22,69.8,493.0,10.17,4699.0,1.07,16163092.0
609,매커스(2021/12),1407.0,260.0,250.0,1450.0,794.0,81.0,142.0,142.0,1.0,18.49,17.77,36.66,20.8,82.51,1545.0,5.2,6623.0,1.21,16163092.0
610,매커스(2022/12),1938.0,315.0,222.0,2866.0,934.0,81.0,265.0,262.0,6.0,16.23,11.48,25.56,10.31,206.94,1369.0,5.77,8328.0,0.95,16163092.0
611,매커스(2023/12),1754.0,264.0,204.0,2937.0,1024.0,81.0,-519.0,-520.0,424.0,15.02,11.6,20.67,7.01,186.85,1252.0,9.98,9952.0,1.26,16163092.0
612,매커스(2024/12),1996.0,269.0,202.0,4092.0,1134.0,81.0,494.0,493.0,276.0,13.47,10.14,18.59,5.76,260.9,1240.0,6.64,11908.0,0.69,16163092.0
616,네패스(2020/12),3436.0,-36.0,-627.0,8017.0,2606.0,116.0,463.0,-2507.0,4510.0,-1.04,-18.24,-23.33,-9.47,207.63,-2115.0,-20.094562647754138,9023.0,4.71,23059202.0
617,네패스(2021/12),4184.0,-164.0,-292.0,11049.0,2668.0,116.0,759.0,-2137.0,6738.0,-3.92,-6.97,-20.62,-3.06,314.08,-1721.0,-22.283556072051134,7667.0,5.0,23059202.0
618,네패스(2022/12),5880.0,-67.0,945.0,11319.0,3923.0,116.0,976.0,-1479.0,6306.0,-1.14,16.08,36.47,8.45,188.52,3364.0,4.65,10934.0,1.43,23059202.0
619,네패스(2023/12),4690.0,101.0,-1095.0,9631.0,2832.0,116.0,800.0,157.0,6075.0,2.15,-23.34,-49.65,-10.45,240.13,-4270.0,-4.60655737704918,6510.0,3.02,23059202.0
620,네패스(2024/12),4643.0,34.0,-794.0,7101.0,2072.0,116.0,1091.0,777.0,4105.0,0.73,-17.1,-48.21,-9.49,242.66,-2699.0,-2.426824749907373,4777.0,1.37,23059202.0
624,오디텍(2020/12),422.0,13.0,55.0,1307.0,1212.0,59.0,67.0,58.0,3.0,3.09,13.03,4.61,4.31,7.85,468.0,11.23,11121.0,0.47,11746609.0
625,오디텍(2021/12),469.0,26.0,41.0,1454.0,1278.0,59.0,30.0,10.0,68.0,5.62,8.75,3.3,2.97,13.82,349.0,18.77,11727.0,0.56,11746609.0
626,오디텍(2022/12),404.0,-34.0,-41.0,1356.0,1235.0,59.0,35.0,-1.0,70.0,-8.35,-10.04,-3.23,-2.89,9.79,-345.0,-12.710144927536232,11494.0,0.38,11746609.0
627,오디텍(2023/12),350.0,-43.0,30.0,1380.0,1230.0,59.0,38.0,-62.0,81.0,-12.16,8.44,2.39,2.16,12.19,251.0,18.89,11630.0,0.41,11746609.0
628,오디텍(2024/12),370.0,-64.0,55.0,1370.0,1257.0,59.0,26.0,-14.0,56.0,-17.19,14.79,4.4,3.98,8.98,466.0,6.45,12174.0,0.25,11746609.0
632,삼성전자우(2020/12),2368070.0,359939.0,264078.0,3782357.0,2759480.0,8975.0,652870.0,276950.0,202174.0,15.2,11.15,9.98,7.23,37.07,3841.0,21.09,39406.0,2.06,5969782550.0
633,삼성전자우(2021/12),2796048.0,516339.0,399074.0,4266212.0,3048999.0,8975.0,651054.0,179833.0,183921.0,18.47,14.27,13.92,9.92,39.92,5777.0,13.55,43611.0,1.8,5969782550.0
634,삼성전자우(2022/12),3022314.0,433766.0,556541.0,4484245.0,3547496.0,8975.0,621813.0,127509.0,103332.0,14.35,18.41,17.07,12.72,26.41,8057.0,6.86,50817.0,1.09,5969782550.0
635,삼성전자우(2023/12),2589355.0,65670.0,154871.0,4559060.0,3636779.0,8975.0,441374.0,-134739.0,126859.0,2.54,5.98,4.15,3.43,25.36,2131.0,36.84,52002.0,1.51,5969782550.0
636,삼성전자우(2024/12),3008709.0,327260.0,344514.0,5145319.0,4021921.0,8975.0,729826.0,215763.0,193302.0,10.88,11.45,9.03,7.1,27.93,4950.0,10.75,57981.0,0.92,5969782550.0
640,어보브반도체(2020/12),1442.0,176.0,140.0,1401.0,1013.0,87.0,219.0,211.0,227.0,12.22,9.74,14.65,11.21,38.23,804.0,22.01,6130.0,2.89,17459653.0
641,어보브반도체(2021/12),1675.0,176.0,137.0,1340.0,1118.0,87.0,136.0,133.0,4.0,10.52,8.18,12.86,10.0,19.84,785.0,18.15,6757.0,2.11,17459653.0
642,어보브반도체(2022/12),2426.0,258.0,127.0,3315.0,1731.0,89.0,-24.0,-246.0,1107.0,10.65,5.22,10.69,5.44,91.56,708.0,11.44,7332.0,1.1,17780753.0
643,어보브반도체(2023/12),2324.0,-146.0,-334.0,2883.0,1406.0,89.0,324.0,227.0,1162.0,-6.3,-14.39,-11.1,-10.79,105.02,-706.0,-19.560906515580736,6362.0,2.17,17780753.0
644,어보브반도체(2024/12),2321.0,-51.0,-181.0,2930.0,1546.0,89.0,270.0,138.0,1125.0,-2.2,-7.8,2.44,-6.22,89.57,149.0,50.78,6792.0,1.11,17780753.0
656,한양디지텍(2020/12),1597.0,69.0,45.0,985.0,484.0,65.0,101.0,-71.0,221.0,4.33,2.83,11.71,4.7,103.56,412.0,13.12,3797.0,1.42,13065452.0
657,한양디지텍(2021/12),3034.0,300.0,242.0,1682.0,840.0,76.0,320.0,161.0,38.0,9.89,7.99,36.63,18.19,100.19,1656.0,10.9,5630.0,3.21,15244382.0
658,한양디지텍(2022/12),4848.0,528.0,372.0,2337.0,1219.0,76.0,197.0,-208.0,116.0,10.9,7.67,36.12,18.5,91.82,2439.0,4.98,8129.0,1.49,15244382.0
659,한양디지텍(2023/12),4788.0,191.0,126.0,2510.0,1332.0,76.0,30.0,-284.0,328.0,3.99,2.64,9.91,5.22,88.44,829.0,17.15,8912.0,1.6,15244382.0
660,한양디지텍(2024/12),5952.0,350.0,255.0,2769.0,1594.0,76.0,518.0,345.0,162.0,5.89,4.29,17.45,9.67,73.71,1674.0,5.09,10756.0,0.79,15244382.0
664,칩스앤미디어(2020/12),154.0,24.0,19.0,398.0,326.0,50.0,47.0,39.0,43.0,15.46,12.52,5.96,5.1,21.94,100.0,60.99,1692.0,3.61,19280630.0
665,칩스앤미디어(2021/12),200.0,52.0,63.0,459.0,380.0,50.0,99.0,98.0,33.0,26.02,31.37,17.76,14.63,20.98,325.0,36.45,1970.0,6.02,19280630.0
666,칩스앤미디어(2022/12),241.0,73.0,100.0,631.0,420.0,50.0,152.0,147.0,28.0,30.31,41.35,24.93,18.28,50.28,513.0,13.74,2042.0,3.45,19280630.0
667,칩스앤미디어(2023/12),276.0,78.0,-267.0,807.0,729.0,106.0,55.0,46.0,16.0,28.2,-96.82,-46.46,-37.14,10.57,-1282.0,-24.84399375975039,3503.0,9.09,20823124.0
668,칩스앤미디어(2024/12),271.0,53.0,100.0,840.0,758.0,106.0,68.0,66.0,6.0,19.51,36.97,13.46,12.16,10.82,481.0,32.7,3778.0,4.16,20823124.0
672,램테크놀러지(2020/12),428.0,26.0,25.0,645.0,391.0,67.0,58.0,-29.0,224.0,6.11,5.83,6.68,3.79,65.19,187.0,36.49,2935.0,2.33,11606968.0
673,램테크놀러지(2021/12),486.0,45.0,32.0,698.0,432.0,68.0,34.0,11.0,203.0,9.21,6.51,7.69,4.71,61.62,237.0,36.29,3166.0,2.72,13422834.0
674,램테크놀러지(2022/12),670.0,69.0,61.0,827.0,516.0,70.0,40.0,-21.0,243.0,10.3,9.04,12.78,7.95,60.27,435.0,12.48,3672.0,1.48,13836057.0
675,램테크놀러지(2023/12),430.0,-30.0,-29.0,924.0,486.0,71.0,-1.0,-122.0,390.0,-6.87,-6.68,-5.73,-3.28,90.17,-203.0,-26.945812807881772,3421.0,1.6,14204056.0
676,램테크놀러지(2024/12),445.0,-17.0,-26.0,1044.0,480.0,71.0,-24.0,-124.0,525.0,-3.71,-5.75,-5.29,-2.6,117.55,-179.0,-16.424581005586592,3357.0,0.88,14298752.0
680,큐에스아이(2020/12),230.0,4.0,1.0,745.0,546.0,41.0,12.0,-68.0,83.0,1.87,0.59,0.25,0.2,36.36,16.0,1067.03,5960.0,2.79,8278230.0
681,큐에스아이(2021/12),294.0,27.0,16.0,808.0,739.0,46.0,82.0,55.0,13.0,9.21,5.3,2.43,2.01,9.4,170.0,153.55,7980.0,3.26,9200665.0
682,큐에스아이(2022/12),227.0,18.0,70.0,860.0,813.0,46.0,53.0,33.0,5.0,8.13,30.88,9.03,8.4,5.81,756.0,12.48,8776.0,1.07,9271621.0
683,큐에스아이(2023/12),187.0,-42.0,27.0,877.0,825.0,46.0,55.0,36.0,4.0,-22.71,14.51,3.31,3.12,6.37,292.0,33.92,9040.0,1.1,9271621.0
684,큐에스아이(2024/12),214.0,12.0,33.0,885.0,839.0,46.0,32.0,5.0,4.0,5.54,15.23,3.91,3.69,5.48,351.0,29.55,9493.0,1.09,9271621.0
704,윈팩(2020/12),1101.0,53.0,51.0,1342.0,520.0,191.0,165.0,-75.0,663.0,4.85,4.68,10.4,4.09,158.29,107.0,13.68,1066.0,1.38,48741378.0
705,윈팩(2021/12),1014.0,-64.0,-83.0,1555.0,659.0,248.0,90.0,-192.0,610.0,-6.35,-8.15,-14.03,-5.71,136.15,-155.0,-10.774193548387096,1042.0,1.6,63219736.0
706,윈팩(2022/12),1526.0,19.0,-16.0,1785.0,762.0,298.0,189.0,-240.0,702.0,1.26,-1.03,-2.21,-0.94,134.45,-24.0,-39.291666666666664,1004.0,0.94,75843224.0
707,윈팩(2023/12),862.0,-229.0,-333.0,1495.0,467.0,298.0,-104.0,-196.0,848.0,-26.52,-38.63,-54.2,-20.3,219.98,-439.0,-2.879271070615034,616.0,2.05,75843224.0
708,윈팩(2024/12),741.0,-233.0,-300.0,1431.0,662.0,582.0,-101.0,-225.0,659.0,-31.39,-40.46,-53.14,-20.5,116.31,-314.0,-1.9617834394904459,568.0,1.08,116450229.0
712,에이팩트(2020/12),496.0,65.0,67.0,1304.0,672.0,88.0,206.0,86.0,564.0,13.19,13.42,10.41,5.17,93.94,257.0,19.06,2597.0,1.89,25890674.0
713,에이팩트(2021/12),472.0,40.0,27.0,1161.0,709.0,92.0,139.0,134.0,419.0,8.51,5.64,3.86,2.16,63.72,102.0,43.51,2644.0,1.68,27251322.0
714,에이팩트(2022/12),736.0,46.0,31.0,2141.0,1148.0,212.0,69.0,-10.0,764.0,6.23,4.2,3.33,1.87,86.58,103.0,24.02,2805.0,0.88,42362093.0
715,에이팩트(2023/12),937.0,-229.0,-167.0,2095.0,981.0,212.0,-6.0,-191.0,983.0,-24.41,-17.77,-15.65,-7.86,113.61,-393.0,-8.307888040712468,2397.0,1.36,42362093.0
716,에이팩트(2024/12),867.0,-215.0,-507.0,1625.0,552.0,212.0,6.0,-116.0,926.0,-24.83,-58.48,-66.16,-27.27,194.17,-1197.0,-1.7919799498746867,1304.0,1.65,42362093.0
720,유니셈(2020/12),2151.0,322.0,205.0,1972.0,1472.0,153.0,294.0,263.0,181.0,14.98,9.55,15.25,11.26,33.97,686.0,12.49,5003.0,1.71,30664223.0
721,유니셈(2021/12),2961.0,437.0,382.0,2329.0,1830.0,153.0,452.0,356.0,126.0,14.76,12.89,23.11,17.74,27.26,1244.0,11.73,6222.0,2.35,30664223.0
722,유니셈(2022/12),2532.0,290.0,196.0,2347.0,1994.0,153.0,169.0,125.0,80.0,11.47,7.74,10.24,8.38,17.7,639.0,8.8,6780.0,0.83,30664223.0
723,유니셈(2023/12),2321.0,174.0,182.0,2434.0,2144.0,153.0,-103.0,-350.0,61.0,7.49,7.85,8.81,7.63,13.52,595.0,14.16,7288.0,1.16,30664223.0
724,유니셈(2024/12),2182.0,100.0,155.0,2631.0,2283.0,153.0,362.0,236.0,55.0,4.57,7.11,7.02,6.12,15.22,507.0,11.63,7757.0,0.76,30664223.0
728,GST(2020/12),1669.0,182.0,155.0,1418.0,1137.0,47.0,196.0,177.0,53.0,10.88,9.28,15.06,11.12,24.7,849.0,10.15,6100.0,1.41,18618260.0
729,GST(2021/12),3045.0,464.0,390.0,2062.0,1514.0,47.0,256.0,139.0,72.0,15.24,12.8,29.42,22.39,36.26,2027.0,9.31,8057.0,2.34,18618260.0
730,GST(2022/12),3128.0,569.0,476.0,2518.0,2013.0,47.0,315.0,251.0,67.0,18.2,15.22,27.46,20.78,25.07,2514.0,3.91,10651.0,0.92,18618260.0
731,GST(2023/12),2792.0,425.0,369.0,2798.0,2331.0,47.0,474.0,270.0,94.0,15.24,13.23,16.97,13.9,20.03,1916.0,7.2,12313.0,1.12,18618260.0
732,GST(2024/12),3462.0,591.0,459.0,3348.0,2683.0,93.0,544.0,355.0,135.0,17.06,13.25,18.71,14.92,24.8,2437.0,6.87,14527.0,1.15,18430000.0
736,원익IPS(2020/12),10909.0,1406.0,978.0,10996.0,6630.0,245.0,2251.0,1667.0,21.0,12.89,8.97,15.91,9.79,65.85,1993.0,22.2,13737.0,3.22,49083901.0
737,원익IPS(2021/12),12323.0,1641.0,1451.0,11676.0,8010.0,245.0,1373.0,398.0,21.0,13.32,11.78,19.82,12.8,45.76,2957.0,14.31,16597.0,2.55,49083901.0
738,원익IPS(2022/12),10115.0,976.0,894.0,11217.0,8697.0,245.0,280.0,-420.0,28.0,9.64,8.84,10.71,7.81,28.97,1822.0,13.58,18174.0,1.36,49083901.0
739,원익IPS(2023/12),6903.0,-181.0,-135.0,10849.0,8667.0,245.0,-123.0,-718.0,91.0,-2.62,-1.96,-1.56,-1.22,25.17,-275.0,-123.45454545454545,17813.0,1.91,49083901.0
740,원익IPS(2024/12),7482.0,106.0,207.0,11241.0,8875.0,245.0,783.0,568.0,84.0,1.42,2.77,2.37,1.88,26.67,423.0,52.87,18240.0,1.23,49083901.0
744,SFA반도체(2020/12),5731.0,343.0,176.0,5865.0,3548.0,825.0,833.0,581.0,1638.0,5.98,3.07,5.22,2.82,65.31,102.0,56.81,2029.0,2.84,164460303.0
745,SFA반도체(2021/12),6411.0,665.0,551.0,6494.0,4259.0,825.0,1016.0,773.0,1322.0,10.37,8.59,14.43,8.92,52.49,321.0,23.95,2436.0,3.16,164460303.0
746,SFA반도체(2022/12),6994.0,629.0,454.0,6749.0,4839.0,825.0,949.0,411.0,1206.0,8.99,6.5,10.04,6.86,39.46,261.0,14.74,2779.0,1.38,164460303.0
747,SFA반도체(2023/12),4167.0,-133.0,-140.0,6099.0,4702.0,825.0,360.0,92.0,962.0,-3.19,-3.37,-2.86,-2.19,29.72,-79.0,-76.32911392405063,2737.0,2.2,164460303.0
748,SFA반도체(2024/12),4005.0,0.0,205.0,6235.0,4979.0,825.0,531.0,166.0,953.0,-0.01,5.11,4.51,3.32,25.22,130.0,23.78,3030.0,1.02,164460303.0
752,성우테크론(2020/12),379.0,43.0,39.0,801.0,541.0,47.0,94.0,81.0,150.0,11.38,10.2,7.35,4.98,48.19,369.0,11.93,5363.0,0.82,10347365.0
753,성우테크론(2021/12),439.0,55.0,56.0,877.0,619.0,48.0,86.0,64.0,130.0,12.47,12.83,9.67,6.71,41.54,537.0,9.55,6144.0,0.84,10347365.0
754,성우테크론(2022/12),444.0,48.0,48.0,926.0,700.0,49.0,48.0,-1.0,120.0,10.88,10.84,7.33,5.34,32.29,461.0,8.15,6900.0,0.55,10347365.0
755,성우테크론(2023/12),338.0,-8.0,-11.0,934.0,688.0,50.0,28.0,5.0,120.0,-2.39,-3.11,-1.53,-1.13,35.79,-101.0,-39.53465346534654,6779.0,0.59,10347365.0
756,성우테크론(2024/12),417.0,12.0,22.0,987.0,707.0,51.0,51.0,43.0,140.0,2.84,5.4,3.26,2.34,39.48,216.0,11.65,6979.0,0.36,10347365.0
776,메카로(2020/12),727.0,1.0,-35.0,1555.0,1381.0,51.0,126.0,-62.0,30.0,0.2,-4.78,-1.18,-2.2,12.55,-162.0,-86.72839506172839,14188.0,0.99,10102240.0
777,메카로(2021/12),490.0,25.0,77.0,1631.0,1483.0,51.0,123.0,-97.0,11.0,5.1,15.75,5.58,4.85,10.0,785.0,17.82,15088.0,0.93,10192640.0
778,메카로(2022/12),540.0,26.0,437.0,2182.0,1922.0,51.0,49.0,-167.0,15.0,4.73,80.93,25.72,22.92,13.54,4287.0,2.52,19540.0,0.55,10192640.0
779,메카로(2023/12),386.0,-76.0,-24.0,1962.0,1862.0,51.0,-95.0,-441.0,18.0,-19.76,-6.11,-1.25,-1.14,5.42,-231.0,-38.83116883116883,18831.0,0.48,10192640.0
780,메카로(2024/12),629.0,41.0,55.0,2076.0,1925.0,51.0,97.0,-122.0,12.0,6.55,8.77,2.93,2.73,7.85,541.0,15.41,19466.0,0.43,10192640.0
784,제이티(2020/12),446.0,53.0,52.0,545.0,320.0,52.0,38.0,35.0,166.0,11.92,11.67,17.73,9.33,70.36,505.0,25.67,3189.0,4.06,10315513.0
785,제이티(2021/12),656.0,112.0,139.0,765.0,461.0,52.0,180.0,171.0,182.0,17.05,21.19,35.65,21.23,66.18,1349.0,7.86,4591.0,2.31,10315513.0
786,제이티(2022/12),819.0,151.0,150.0,808.0,546.0,52.0,125.0,111.0,129.0,18.41,18.37,29.88,19.11,48.05,1458.0,4.67,5960.0,1.14,10315513.0
787,제이티(2023/12),472.0,30.0,55.0,895.0,598.0,52.0,-38.0,-71.0,163.0,6.28,11.65,9.6,6.45,49.66,532.0,16.06,6552.0,1.3,10315513.0
788,제이티(2024/12),495.0,6.0,42.0,912.0,647.0,52.0,165.0,161.0,166.0,1.29,8.43,6.75,4.62,40.88,405.0,8.87,7014.0,0.51,10315513.0
792,케이엔제이(2020/12),426.0,26.0,-50.0,727.0,219.0,32.0,49.0,4.0,426.0,6.09,-11.67,-20.41,-7.58,231.85,-787.0,-17.916137229987292,3451.0,4.09,6345432.0
793,케이엔제이(2021/12),465.0,44.0,55.0,937.0,437.0,40.0,116.0,-142.0,421.0,9.44,11.88,16.83,6.64,114.34,771.0,22.24,5518.0,3.11,7925395.0
794,케이엔제이(2022/12),623.0,133.0,100.0,1081.0,538.0,40.0,106.0,12.0,463.0,21.32,15.97,20.42,9.86,100.99,1255.0,10.24,6769.0,1.9,7945395.0
795,케이엔제이(2023/12),474.0,105.0,108.0,1264.0,651.0,40.0,128.0,75.0,469.0,22.12,22.72,18.1,9.18,94.07,1354.0,14.28,8182.0,2.36,7960395.0
796,케이엔제이(2024/12),622.0,141.0,108.0,1568.0,711.0,40.0,176.0,53.0,616.0,22.74,17.31,15.81,7.61,120.36,1349.0,10.05,9126.0,1.48,8005395.0
800,엔시트론(2020/12),108.0,-29.0,-69.0,288.0,174.0,161.0,-17.0,-29.0,99.0,-26.59,-63.93,-41.45,-21.57,65.31,-246.0,-3.524390243902439,539.0,1.61,32295909.0
801,엔시트론(2021/12),158.0,7.0,-8.0,351.0,199.0,161.0,-5.0,-7.0,139.0,4.13,-5.32,-4.51,-2.63,76.61,-26.0,-49.61538461538461,615.0,2.1,32295909.0
802,엔시트론(2022/12),248.0,-2.0,-2.0,372.0,291.0,236.0,-35.0,-36.0,65.0,-0.71,-0.88,-0.78,-0.6,27.93,-4.0,-176.5,614.0,1.15,47203978.0
803,엔시트론(2023/12),359.0,4.0,11.0,459.0,375.0,296.0,30.0,21.0,52.0,1.17,2.98,3.25,2.57,22.44,19.0,32.31,631.0,0.99,59186224.0
804,엔시트론(2024/12),363.0,-25.0,-21.0,485.0,392.0,311.0,-11.0,-19.0,28.0,-6.77,-5.7,-4.64,-4.39,23.66,-29.0,-13.689655172413794,612.0,0.65,62162413.0
816,덕산하이메탈(2020/12),552.0,64.0,153.0,2300.0,2149.0,45.0,78.0,-18.0,17.0,11.54,27.64,7.28,6.94,7.03,336.0,19.04,5091.0,1.26,45437002.0
817,덕산하이메탈(2021/12),927.0,60.0,317.0,3237.0,2724.0,45.0,-137.0,-187.0,196.0,6.46,34.23,13.3,11.46,18.81,701.0,14.65,5945.0,1.73,45437002.0
818,덕산하이메탈(2022/12),1644.0,-37.0,61.0,3635.0,3041.0,91.0,38.0,-69.0,208.0,-2.27,3.71,2.19,1.78,19.54,134.0,35.74,6480.0,0.74,45437002.0
819,덕산하이메탈(2023/12),1445.0,-110.0,33.0,7511.0,4216.0,91.0,53.0,-53.0,2504.0,-7.59,2.3,1.94,0.6,78.15,125.0,57.48,6369.0,1.12,45437002.0
820,덕산하이메탈(2024/12),2359.0,186.0,313.0,8185.0,4549.0,91.0,138.0,-71.0,2871.0,7.9,13.27,6.76,3.99,79.95,449.0,8.58,6897.0,0.56,45437002.0
824,APS(2020/12),253.0,-109.0,-423.0,2713.0,1636.0,109.0,-84.0,-308.0,854.0,-42.91,-166.9,-22.23,-14.87,65.87,-2063.0,-3.9796412990790113,8903.0,0.92,20394221.0
825,APS(2021/12),394.0,-40.0,236.0,3371.0,1873.0,109.0,-16.0,-49.0,1158.0,-10.06,59.84,12.41,7.75,80.0,1063.0,13.97,10088.0,1.47,20394221.0
826,APS(2022/12),408.0,-153.0,64.0,3676.0,2126.0,109.0,-129.0,-265.0,1226.0,-37.41,15.66,4.81,1.81,72.92,452.0,34.83,10864.0,1.45,20394221.0
827,APS(2023/12),410.0,-186.0,140.0,3664.0,2247.0,109.0,-121.0,-199.0,909.0,-45.32,34.21,6.27,3.83,63.08,627.0,10.69,11683.0,0.57,20394221.0
828,APS(2024/12),940.0,-226.0,-34.0,4132.0,2257.0,109.0,-113.0,-128.0,1333.0,-24.09,-3.67,-0.65,-0.88,83.07,-66.0,-79.6969696969697,11326.0,0.46,19894221.0
832,해성디에스(2020/12),4587.0,435.0,300.0,3832.0,2318.0,850.0,444.0,76.0,860.0,9.49,6.54,13.62,8.45,65.29,1764.0,13.83,13638.0,1.79,17000000.0
833,해성디에스(2021/12),6554.0,863.0,711.0,4749.0,2943.0,850.0,571.0,295.0,779.0,13.17,10.84,27.09,16.56,61.37,4192.0,11.65,17313.0,2.82,17000000.0
834,해성디에스(2022/12),8394.0,2044.0,1594.0,6596.0,4473.0,850.0,1969.0,1187.0,757.0,24.35,18.99,42.99,28.1,47.47,9376.0,3.82,26311.0,1.36,17000000.0
835,해성디에스(2023/12),6722.0,1025.0,844.0,6887.0,5150.0,850.0,1431.0,492.0,800.0,15.25,12.56,17.55,12.52,33.72,4966.0,11.16,30297.0,1.83,17000000.0
836,해성디에스(2024/12),6030.0,569.0,587.0,7942.0,5563.0,850.0,606.0,-881.0,1274.0,9.43,9.73,10.96,7.92,42.77,3453.0,6.78,32722.0,0.72,17000000.0
840,두산테스나(2020/12),1325.0,306.0,372.0,4561.0,2238.0,85.0,698.0,-1284.0,1744.0,23.06,28.09,19.23,9.32,103.78,2248.0,25.0,13173.0,4.27,14759577.0
841,두산테스나(2021/12),2076.0,541.0,472.0,5335.0,2624.0,85.0,1341.0,208.0,2077.0,26.04,22.72,19.4,9.53,103.31,2761.0,18.09,15444.0,3.23,14759577.0
842,두산테스나(2022/12),2777.0,672.0,523.0,7670.0,3098.0,85.0,1682.0,-884.0,3369.0,24.19,18.85,18.29,8.05,147.56,3064.0,8.98,18235.0,1.51,14759577.0
843,두산테스나(2023/12),3387.0,608.0,491.0,7631.0,4036.0,97.0,2105.0,387.0,3195.0,17.95,14.49,13.76,6.42,89.06,2839.0,20.64,20981.0,2.79,17006566.0
844,두산테스나(2024/12),3731.0,379.0,368.0,7877.0,4377.0,97.0,2192.0,360.0,3197.0,10.16,9.86,8.40758510395248,4.671829376666244,79.98,1903.0,13.14,22749.0,1.1,19327238.0
848,씨앤지하이테크(2020/12),1192.0,119.0,98.0,847.0,728.0,42.0,49.0,17.0,3.0,10.01,8.18,13.91,11.74,16.4,1138.0,12.01,8802.0,1.57,8568760.0
849,씨앤지하이테크(2021/12),1014.0,73.0,50.0,1394.0,772.0,42.0,-204.0,-220.0,145.0,7.22,4.91,6.64,4.44,80.43,581.0,23.54,9341.0,1.48,8568760.0
850,씨앤지하이테크(2022/12),1928.0,254.0,169.0,1547.0,934.0,43.0,266.0,165.0,192.0,13.19,8.74,18.094218415417558,10.92436974789916,65.69,1966.0,5.92,11195.0,1.05,8639439.0
851,씨앤지하이테크(2023/12),1667.0,127.0,128.0,1603.0,1110.0,46.0,268.0,110.0,146.0,7.64,7.7,12.56,8.15,44.42,1441.0,8.74,12324.0,1.02,9307391.0
852,씨앤지하이테크(2024/12),1512.0,129.0,69.0,1892.0,1207.0,48.0,8.0,-42.0,238.0,8.56,4.55,5.94,3.94,56.76,716.0,13.01,12811.0,0.73,9721172.0
856,와이씨(2020/12),1719.0,248.0,205.0,2718.0,2146.0,81.0,167.0,136.0,242.0,14.45,11.9,12.0,8.74,26.65,258.0,24.24,2547.0,2.45,80757657.0
857,와이씨(2021/12),3113.0,546.0,509.0,4599.0,3389.0,82.0,505.0,-259.0,560.0,17.55,16.36,18.55,13.92,35.71,550.0,11.28,3447.0,1.8,82045350.0
858,와이씨(2022/12),2853.0,364.0,344.0,5191.0,3546.0,82.0,300.0,124.0,784.0,12.76,12.04,9.1,7.02,46.38,318.0,8.81,3663.0,0.77,82045350.0
859,와이씨(2023/12),2552.0,86.0,129.0,4803.0,3658.0,82.0,241.0,-592.0,847.0,3.36,5.05,4.49,2.58,31.29,165.0,30.23,3853.0,1.29,82045350.0
860,와이씨(2024/12),2112.0,106.0,129.0,5769.0,4182.0,82.0,-236.0,-503.0,1052.0,5.02,6.12,3.48,2.44,37.93,134.0,75.95,4054.0,2.52,82045350.0
864,월덱스(2020/12),1557.0,358.0,218.0,1703.0,1088.0,83.0,246.0,197.0,449.0,22.99,13.99,21.96,13.62,56.54,1321.0,13.32,6600.0,2.67,16510993.0
865,월덱스(2021/12),1901.0,403.0,334.0,2119.0,1434.0,83.0,262.0,21.0,466.0,21.2,17.59,26.48,17.5,47.74,2026.0,14.14,8700.0,3.29,16510993.0
866,월덱스(2022/12),2559.0,507.0,415.0,2618.0,1859.0,83.0,223.0,-77.0,501.0,19.81,16.21,25.17,17.52,40.83,2514.0,7.4,11274.0,1.65,16510993.0
867,월덱스(2023/12),2881.0,648.0,538.0,3137.0,2395.0,83.0,829.0,722.0,485.0,22.5,18.69,25.3,18.71,30.98,3261.0,7.85,14506.0,1.76,16510993.0
868,월덱스(2024/12),3068.0,703.0,650.0,3918.0,3075.0,83.0,350.0,292.0,474.0,22.92,21.2,23.78,18.44,27.42,3939.0,4.3,18623.0,0.91,16510993.0
880,젬백스(2020/12),657.0,14.0,16.0,1588.0,1352.0,198.0,140.0,36.0,147.0,2.19,2.49,1.44,1.02,17.45,42.0,574.76,3425.0,6.98,39597304.0
881,젬백스(2021/12),604.0,-36.0,121.0,1723.0,1540.0,199.0,-35.0,-103.0,82.0,-6.01,19.97,8.34,7.28,11.92,303.0,57.75,3880.0,4.51,39812863.0
882,젬백스(2022/12),758.0,-39.0,-196.0,1511.0,1344.0,199.0,-30.0,-120.0,74.0,-5.21,-25.86,-13.6,-12.12,12.5,-492.0,-24.085365853658537,3420.0,3.46,39857956.0
883,젬백스(2023/12),722.0,-79.0,-272.0,1352.0,1080.0,200.0,36.0,-49.0,145.0,-10.9,-37.64,-22.43,-18.98,25.12,-681.0,-19.5007342143906,2740.0,4.85,39994174.0
884,젬백스(2024/12),627.0,-383.0,-872.0,1507.0,290.0,200.0,-284.0,-319.0,770.0,-61.15,-139.12,-127.3,-61.01,419.71,-2181.0,-6.785878037597432,731.0,20.25,39994174.0
888,한미반도체(2020/12),2574.0,666.0,501.0,3270.0,2571.0,127.0,375.0,300.0,3.0,25.9,19.48,21.03,17.16,27.18,482.0,18.76,2614.0,3.46,103003002.0
889,한미반도체(2021/12),3732.0,1224.0,1044.0,4293.0,3468.0,127.0,523.0,270.0,6.0,32.8,27.99,34.59,27.62,23.78,1048.0,18.06,3506.0,5.4,98919754.0
890,한미반도체(2022/12),3276.0,1119.0,923.0,4554.0,3901.0,127.0,1095.0,1004.0,22.0,34.15,28.16,25.04,20.86,16.75,934.0,12.31,4008.0,2.87,97339302.0
891,한미반도체(2023/12),1590.0,346.0,2672.0,7238.0,5719.0,127.0,450.0,175.0,11.0,21.74,168.02,55.54,45.31,26.57,2745.0,22.48,5907.0,10.45,97339302.0
892,한미반도체(2024/12),5589.0,2554.0,1526.0,7109.0,5409.0,127.0,1414.0,878.0,29.0,45.69,27.3,27.43,21.27,31.43,1573.0,52.46,5698.0,14.48,96614259.0
896,삼성전자(2020/12),2368070.0,359939.0,264078.0,3782357.0,2759480.0,8975.0,652870.0,276950.0,202174.0,15.2,11.15,9.98,7.23,37.07,3841.0,21.09,39406.0,2.06,5969782550.0
897,삼성전자(2021/12),2796048.0,516339.0,399074.0,4266212.0,3048999.0,8975.0,651054.0,179833.0,183921.0,18.47,14.27,13.92,9.92,39.92,5777.0,13.55,43611.0,1.8,5969782550.0
898,삼성전자(2022/12),3022314.0,433766.0,556541.0,4484245.0,3547496.0,8975.0,621813.0,127509.0,103332.0,14.35,18.41,17.07,12.72,26.41,8057.0,6.86,50817.0,1.09,5969782550.0
899,삼성전자(2023/12),2589355.0,65670.0,154871.0,4559060.0,3636779.0,8975.0,441374.0,-134739.0,126859.0,2.54,5.98,4.15,3.43,25.36,2131.0,36.84,52002.0,1.51,5969782550.0
900,삼성전자(2024/12),3008709.0,327260.0,344514.0,5145319.0,4021921.0,8975.0,729826.0,215763.0,193302.0,10.88,11.45,9.03,7.1,27.93,4950.0,10.75,57981.0,0.92,5969782550.0
912,이엔에프테크놀로지(2020/12),4866.0,682.0,474.0,4635.0,3145.0,71.0,740.0,-116.0,884.0,14.01,9.75,16.06,11.16,47.38,3245.0,14.68,21710.0,2.19,14257836.0
913,이엔에프테크놀로지(2021/12),5218.0,260.0,180.0,5828.0,3462.0,71.0,147.0,-506.0,1615.0,4.98,3.46,5.77,3.45,68.32,1296.0,26.42,23281.0,1.47,14287836.0
914,이엔에프테크놀로지(2022/12),6802.0,646.0,450.0,6623.0,3917.0,71.0,609.0,82.0,1834.0,9.5,6.62,13.14,7.23,69.09,3276.0,6.17,26565.0,0.76,14287836.0
915,이엔에프테크놀로지(2023/12),5311.0,239.0,-232.0,6586.0,3662.0,71.0,518.0,-552.0,2296.0,4.5,-4.38,-4.73,-3.52,79.83,-1224.0,-20.179738562091504,25207.0,0.98,14287836.0
916,이엔에프테크놀로지(2024/12),5824.0,593.0,297.0,7236.0,4014.0,71.0,1079.0,212.0,2186.0,10.19,5.1,8.21,4.3,80.26,2178.0,7.72,27813.0,0.6,14287836.0
920,로체시스템즈(2020/12),1802.0,93.0,84.0,1185.0,734.0,76.0,191.0,66.0,246.0,5.14,4.65,12.08,7.03,61.44,548.0,11.77,4921.0,1.31,15296603.0
921,로체시스템즈(2021/12),1102.0,133.0,95.0,1235.0,836.0,76.0,150.0,142.0,66.0,12.08,8.58,12.05,7.81,47.84,618.0,9.85,5602.0,1.09,15296603.0
922,로체시스템즈(2022/12),1446.0,264.0,203.0,1338.0,1045.0,76.0,50.0,9.0,44.0,18.29,14.01,21.54,15.74,28.05,1324.0,6.02,7003.0,1.14,15296603.0
923,로체시스템즈(2023/12),1053.0,119.0,89.0,1368.0,1116.0,76.0,168.0,165.0,22.0,11.33,8.42,8.21,6.55,22.53,580.0,10.75,7484.0,0.83,15296603.0
924,로체시스템즈(2024/12),1601.0,198.0,121.0,1575.0,1223.0,76.0,53.0,-11.0,3.0,12.35,7.57,10.36,8.23,28.81,792.0,22.34,8196.0,2.16,15296603.0
928,엑시콘(2020/12),674.0,83.0,122.0,1176.0,981.0,52.0,177.0,156.0,70.0,12.24,18.02,14.07,10.97,19.84,1105.0,14.29,8886.0,1.78,10950044.0
929,엑시콘(2021/12),662.0,63.0,340.0,1535.0,1325.0,52.0,-68.0,-317.0,108.0,9.49,51.41,29.52,25.1,15.8,3035.0,4.76,12064.0,1.2,10950044.0
930,엑시콘(2022/12),912.0,103.0,152.0,1696.0,1448.0,54.0,-25.0,-61.0,80.0,11.25,16.69,10.97,9.42,17.15,1356.0,6.41,13297.0,0.65,11339573.0
931,엑시콘(2023/12),823.0,15.0,49.0,1660.0,1460.0,54.0,212.0,170.0,80.0,1.78,5.94,3.36,2.91,13.72,431.0,39.97,13526.0,1.27,11339573.0
932,엑시콘(2024/12),316.0,-159.0,-14.0,1908.0,1768.0,65.0,-149.0,-174.0,74.0,-50.29,-4.3,-0.84,-0.76,7.9,-112.0,-94.64285714285714,14143.0,0.75,13050797.0
936,ISC(2020/12),1218.0,181.0,55.0,2395.0,1727.0,71.0,248.0,128.0,429.0,14.85,4.52,3.68,2.46,38.64,445.0,60.62,12419.0,2.17,14142508.0
937,ISC(2021/12),1447.0,375.0,301.0,2617.0,2226.0,83.0,393.0,251.0,161.0,25.93,20.79,15.3,12.01,17.59,1857.0,19.04,14083.0,2.51,16544516.0
938,ISC(2022/12),1789.0,559.0,439.0,3584.0,2680.0,87.0,654.0,459.0,391.0,31.24,24.56,17.91,14.17,33.73,2532.0,12.38,16085.0,1.95,17399471.0
939,ISC(2023/12),1402.0,107.0,136.0,5418.0,4735.0,106.0,224.0,79.0,436.0,7.66,9.69,3.56,3.02,14.44,720.0,111.45,23130.0,3.47,21197058.0
940,ISC(2024/12),1745.0,448.0,549.0,5829.0,5231.0,106.0,507.0,393.0,205.0,25.67,31.46,10.97,9.76,11.42,2579.0,27.96,25546.0,2.82,21197058.0
944,원익QnC(2020/12),5256.0,412.0,155.0,7431.0,3026.0,131.0,990.0,625.0,2660.0,7.84,2.94,11.44,2.23,145.55,982.0,21.64,9070.0,2.34,26288000.0
945,원익QnC(2021/12),6241.0,868.0,625.0,8236.0,3798.0,131.0,1049.0,479.0,2847.0,13.9,10.02,21.52,7.98,116.86,2235.0,12.8,11705.0,2.44,26288000.0
946,원익QnC(2022/12),7832.0,1151.0,582.0,12358.0,4699.0,131.0,646.0,-253.0,5638.0,14.7,7.44,15.76,5.66,162.98,2048.0,11.43,14286.0,1.64,26288000.0
947,원익QnC(2023/12),8059.0,830.0,510.0,13765.0,5096.0,131.0,799.0,-1006.0,6619.0,10.3,6.33,9.74,3.91,170.11,1451.0,19.78,15504.0,1.85,26288000.0
948,원익QnC(2024/12),8915.0,906.0,615.0,15347.0,5693.0,131.0,799.0,-435.0,7745.0,10.16,6.9,11.67,4.23,169.57,1934.0,9.21,17636.0,1.01,26288000.0
952,제우스(2020/12),3600.0,182.0,181.0,4426.0,2421.0,52.0,355.0,-163.0,1205.0,5.06,5.04,7.81,4.4,82.8,578.0,16.67,7667.0,1.26,31151990.0
953,제우스(2021/12),4008.0,249.0,163.0,5297.0,2503.0,52.0,311.0,125.0,1225.0,6.22,4.06,6.61,3.34,111.62,513.0,15.23,7999.0,0.98,31151990.0
954,제우스(2022/12),5090.0,463.0,352.0,6123.0,2792.0,52.0,81.0,25.0,1480.0,9.1,6.92,13.4,6.17,119.32,1125.0,7.63,8930.0,0.96,31151990.0
955,제우스(2023/12),4029.0,71.0,100.0,6217.0,3431.0,52.0,-392.0,-417.0,1138.0,1.77,2.49,3.43,1.63,81.18,320.0,48.79,9813.0,1.59,31016990.0
956,제우스(2024/12),4908.0,492.0,431.0,6409.0,3823.0,155.0,580.0,521.0,1175.0,10.02,8.78,12.99,6.83,67.64,1350.0,8.8,11180.0,1.06,31016990.0
968,원익홀딩스(2020/12),6460.0,867.0,969.0,16507.0,11434.0,386.0,1105.0,284.0,2565.0,13.42,15.0,9.68,6.74,44.37,1018.0,6.23,11219.0,0.57,77237981.0
969,원익홀딩스(2021/12),6679.0,905.0,1429.0,19553.0,13315.0,386.0,810.0,177.0,3309.0,13.55,21.39,11.95,7.92,46.85,1414.0,3.52,12713.0,0.39,77237981.0
970,원익홀딩스(2022/12),8810.0,1050.0,1288.0,18155.0,13212.0,386.0,-37.0,-879.0,3697.0,11.92,14.62,9.96,6.83,37.42,1318.0,2.58,14045.0,0.24,77237981.0
971,원익홀딩스(2023/12),7495.0,458.0,-183.0,18521.0,13388.0,386.0,1322.0,927.0,3938.0,6.11,-2.44,-2.48,-1.0,38.34,-339.0,-9.941002949852507,13664.0,0.25,77237981.0
972,원익홀딩스(2024/12),6455.0,306.0,-611.0,18901.0,12485.0,386.0,1016.0,184.0,4854.0,4.74,-9.46,-7.41,-3.26,51.39,-965.0,-2.6424870466321244,12677.0,0.2,77237981.0
976,리노공업(2020/12),2013.0,779.0,554.0,3615.0,3373.0,76.0,998.0,781.0,2.0,38.68,27.51,17.37,16.12,7.17,3633.0,37.16,22224.0,6.07,15242370.0
977,리노공업(2021/12),2802.0,1171.0,1038.0,4664.0,4177.0,76.0,1306.0,855.0,3.0,41.8,37.05,27.5,25.08,11.65,6810.0,29.12,27518.0,7.21,15242370.0
978,리노공업(2022/12),3224.0,1366.0,1144.0,5315.0,4932.0,76.0,1086.0,903.0,2.0,42.38,35.47,25.11,22.92,7.77,7503.0,20.72,32491.0,4.79,15242370.0
979,리노공업(2023/12),2556.0,1144.0,1109.0,5829.0,5571.0,76.0,1104.0,419.0,2.0,44.75,43.4,21.12,19.91,4.63,7277.0,27.83,36700.0,5.52,15242370.0
980,리노공업(2024/12),2782.0,1242.0,1133.0,6574.0,6226.0,76.0,1101.0,985.0,2.0,44.65,40.72,19.2,18.27,5.59,7432.0,25.78,41019.0,4.67,15242370.0
1008,한솔아이원스(2020/12),1463.0,116.0,37.0,1664.0,564.0,67.0,457.0,396.0,743.0,7.92,2.55,6.47,2.09,195.3,146.0,48.51,2331.0,3.05,25503174.0
1009,한솔아이원스(2021/12),1637.0,385.0,276.0,1793.0,812.0,128.0,388.0,276.0,536.0,23.5,16.87,40.13,15.97,120.71,1082.0,9.75,3394.0,3.11,25503174.0
1010,한솔아이원스(2022/12),1639.0,361.0,283.0,2274.0,1508.0,147.0,228.0,94.0,452.0,22.01,17.26,24.39,13.91,50.76,968.0,6.85,5429.0,1.22,29352174.0
1011,한솔아이원스(2023/12),1239.0,82.0,21.0,2209.0,1519.0,147.0,198.0,-55.0,417.0,6.63,1.72,1.41,0.95,45.45,73.0,136.31,5502.0,1.8,29352174.0
1012,한솔아이원스(2024/12),1571.0,231.0,311.0,2319.0,1822.0,147.0,372.0,295.0,209.0,14.68,19.77,18.6,13.72,27.3,1064.0,6.02,6593.0,0.97,29113174.0
1032,테크윙(2020/12),2282.0,379.0,329.0,4160.0,2163.0,97.0,251.0,48.0,1558.0,16.62,14.43,16.97,8.28,92.32,840.0,14.25,5390.0,2.22,38153057.0
1033,테크윙(2021/12),2559.0,362.0,171.0,5088.0,2304.0,98.0,24.0,-526.0,2159.0,14.15,6.69,8.58,3.7,120.78,470.0,24.34,5762.0,1.99,38290476.0
1034,테크윙(2022/12),2675.0,577.0,332.0,4883.0,2456.0,190.0,821.0,725.0,1966.0,21.56,12.43,14.54,6.67,98.83,862.0,6.54,6480.0,0.87,37353645.0
1035,테크윙(2023/12),1336.0,32.0,-111.0,4859.0,2156.0,190.0,204.0,-237.0,2323.0,2.37,-8.31,-4.15,-2.28,125.38,-249.0,-45.98393574297189,6069.0,1.89,37353645.0
1036,테크윙(2024/12),1855.0,234.0,-220.0,5062.0,1883.0,190.0,327.0,-195.0,2528.0,12.62,-11.84,-10.24,-4.43,168.83,-559.0,-68.78354203935599,5337.0,7.2,37353645.0
1040,타이거일렉(2020/12),436.0,59.0,44.0,681.0,482.0,32.0,104.0,-12.0,121.0,13.44,10.16,9.63,6.88,41.23,701.0,21.41,7639.0,1.96,6314290.0
1041,타이거일렉(2021/12),503.0,23.0,32.0,711.0,515.0,32.0,-3.0,-71.0,121.0,4.58,6.27,6.33,4.53,37.96,500.0,41.83,8158.0,2.56,6314290.0
1042,타이거일렉(2022/12),581.0,31.0,36.0,727.0,554.0,32.0,71.0,51.0,100.0,5.36,6.18,6.71,5.0,31.06,569.0,35.26,8781.0,2.28,6314290.0
1043,타이거일렉(2023/12),486.0,-31.0,-26.0,712.0,528.0,32.0,1.0,-24.0,101.0,-6.33,-5.27,-4.73,-3.56,34.75,-405.0,-49.358024691358025,8362.0,2.39,6314290.0
1044,타이거일렉(2024/12),618.0,-19.0,3.0,771.0,530.0,32.0,2.0,-22.0,132.0,-3.1,0.45,0.52,0.37,45.59,44.0,293.5,8388.0,1.52,6314290.0
1064,디엔에프(2020/12),951.0,118.0,144.0,1564.0,1150.0,54.0,154.0,80.0,266.0,12.42,15.16,12.521739130434783,9.207161125319693,35.98,1396.0,15.19,10501.0,2.02,10761828.0
1065,디엔에프(2021/12),1271.0,111.0,118.0,1917.0,1456.0,58.0,94.0,-8.0,246.0,8.77,9.27,9.35,6.77,31.65,1084.0,21.09,12426.0,1.84,11571858.0
1066,디엔에프(2022/12),1352.0,163.0,58.0,1905.0,1578.0,58.0,42.0,-180.0,197.0,12.06,4.29,3.92,3.03,20.77,499.0,26.45,13033.0,1.01,11571858.0
1067,디엔에프(2023/12),842.0,-29.0,52.0,1656.0,1550.0,58.0,36.0,-143.0,61.0,-3.4,6.14,3.38,2.9,6.82,447.0,53.57,13395.0,1.79,11571858.0
1068,디엔에프(2024/12),739.0,-10.0,6.0,1619.0,1532.0,58.0,160.0,101.0,2.0,-1.38,0.85,0.41,0.39,5.72,55.0,161.78,13258.0,0.67,11571858.0
1072,티씨케이(2020/12),2282.0,803.0,605.0,3086.0,2705.0,58.0,659.0,433.0,3.0,35.17,26.52,24.65,21.63,14.09,5183.0,24.17,23166.0,5.41,11675000.0
1073,티씨케이(2021/12),2708.0,1034.0,819.0,3897.0,3395.0,58.0,786.0,651.0,6.0,38.19,30.24,26.85,23.46,14.78,7014.0,21.17,29080.0,5.11,11675000.0
1074,티씨케이(2022/12),3196.0,1270.0,941.0,4805.0,4169.0,58.0,873.0,518.0,4.0,39.75,29.43,24.87,21.62,15.27,8056.0,11.74,35707.0,2.65,11675000.0
1075,티씨케이(2023/12),2267.0,667.0,612.0,4955.0,4583.0,58.0,210.0,-265.0,7.0,29.43,27.02,14.0,12.55,8.13,5246.0,21.22,39252.0,2.84,11675000.0
1076,티씨케이(2024/12),2757.0,807.0,720.0,5635.0,5163.0,58.0,744.0,669.0,6.0,29.29,26.11,14.77,13.6,9.16,6167.0,11.5,44219.0,1.6,11675000.0
1080,에프에스티(2020/12),1662.0,248.0,187.0,2242.0,1339.0,101.0,274.0,-6.0,577.0,14.95,11.25,15.31,9.22,67.49,915.0,28.87,7127.0,3.71,20419404.0
1081,에프에스티(2021/12),2137.0,226.0,282.0,3459.0,2087.0,109.0,225.0,-608.0,972.0,10.6,13.21,19.16,9.9,65.73,1485.0,16.92,10268.0,2.45,21956348.0
1082,에프에스티(2022/12),2196.0,63.0,408.0,3948.0,2458.0,109.0,-16.0,-357.0,1097.0,2.88,18.59,19.65,11.03,60.63,2007.0,7.7,12334.0,1.25,21956348.0
1083,에프에스티(2023/12),1976.0,-108.0,-181.0,4088.0,2398.0,109.0,81.0,-223.0,1307.0,-5.46,-9.16,-5.61,-4.5,70.51,-617.0,-39.60453808752026,12082.0,2.02,21956348.0
1084,에프에스티(2024/12),2374.0,23.0,-16.0,5061.0,2441.0,109.0,-54.0,-739.0,2135.0,0.96,-0.69,0.6,-0.36,107.32,66.0,238.13,12239.0,1.29,21956348.0
1088,유니테스트(2020/12),1235.0,27.0,12.0,1990.0,1563.0,106.0,39.0,-63.0,140.0,2.17,1.0,1.06,0.62,27.36,78.0,346.56,7603.0,3.58,21134126.0
1089,유니테스트(2021/12),1146.0,-90.0,-66.0,2059.0,1533.0,106.0,-58.0,-226.0,211.0,-7.9,-5.76,-3.92,-3.26,34.28,-283.0,-104.77031802120142,7422.0,3.99,21134126.0
1090,유니테스트(2022/12),1238.0,-60.0,-62.0,1897.0,1432.0,106.0,-198.0,-226.0,212.0,-4.84,-5.02,-3.63,-3.14,32.52,-252.0,-41.666666666666664,6985.0,1.5,21134126.0
1091,유니테스트(2023/12),1678.0,71.0,61.0,1970.0,1482.0,106.0,185.0,170.0,189.0,4.26,3.64,4.66,3.16,32.98,319.0,41.92,7270.0,1.84,21134126.0
1092,유니테스트(2024/12),924.0,-234.0,-273.0,1850.0,1170.0,106.0,-204.0,-255.0,342.0,-25.36,-29.5,-19.88,-14.28,58.15,-1252.0,-7.020766773162939,5822.0,1.51,21134126.0
1096,동진쎄미켐(2020/12),9378.0,1263.0,853.0,9608.0,4380.0,257.0,1302.0,703.0,3850.0,13.46,9.09,21.58,9.46,119.36,1658.0,22.01,8437.0,4.33,51414494.0
1097,동진쎄미켐(2021/12),11613.0,1318.0,1029.0,11862.0,5610.0,257.0,761.0,-228.0,4386.0,11.35,8.86,20.92,9.58,111.43,2008.0,25.39,10764.0,4.74,51414494.0
1098,동진쎄미켐(2022/12),14572.0,2163.0,1562.0,13743.0,7008.0,257.0,1901.0,971.0,4675.0,14.84,10.72,25.51,12.2,96.11,3102.0,9.66,13553.0,2.21,51414494.0
1099,동진쎄미켐(2023/12),13099.0,1762.0,1235.0,16066.0,8355.0,257.0,1147.0,-1681.0,6025.0,13.45,9.43,16.95,8.29,92.3,2476.0,15.63,15658.0,2.47,51414494.0
1100,동진쎄미켐(2024/12),14081.0,2082.0,1435.0,20170.0,10204.0,257.0,2269.0,550.0,7921.0,14.79,10.19,17.17,7.92,97.66,3010.0,6.94,19400.0,1.08,51414494.0
1104,디아이(2020/12),1623.0,55.0,58.0,2289.0,1365.0,172.0,108.0,-18.0,523.0,3.4,3.55,4.2,2.6,67.7,174.0,27.51,4941.0,0.97,31496785.0
1105,디아이(2021/12),2266.0,165.0,151.0,2482.0,1521.0,172.0,-80.0,-124.0,533.0,7.27,6.68,11.4,6.35,63.2,488.0,19.19,5464.0,1.71,31496785.0
1106,디아이(2022/12),2310.0,112.0,152.0,2746.0,1634.0,172.0,167.0,112.0,716.0,4.83,6.57,9.97,5.8,68.07,466.0,10.19,5841.0,0.81,28300000.0
1107,디아이(2023/12),2145.0,61.0,20.0,2806.0,1612.0,172.0,149.0,120.0,746.0,2.86,0.91,2.09,0.71,74.01,111.0,56.54,5836.0,1.08,28300000.0
1108,디아이(2024/12),2140.0,31.0,28.0,3196.0,1677.0,172.0,-149.0,-220.0,907.0,1.44,1.29,0.72,0.92,90.54,39.0,374.11,5902.0,2.45,28300000.0
1112,피에스케이(2020/12),2657.0,316.0,223.0,2686.0,2174.0,74.0,224.0,118.0,60.0,11.87,8.38,11.0,9.04,23.56,754.0,26.9,7390.0,2.74,29530040.0
1113,피에스케이(2021/12),4458.0,941.0,767.0,4133.0,2891.0,74.0,1146.0,1059.0,173.0,21.11,17.21,30.3,22.51,42.96,2598.0,10.16,9838.0,2.68,29530040.0
1114,피에스케이(2022/12),4609.0,918.0,774.0,4726.0,3533.0,146.0,463.0,334.0,151.0,19.93,16.8,24.11,17.48,33.78,2647.0,5.82,12197.0,1.26,28966714.0
1115,피에스케이(2023/12),3519.0,541.0,525.0,4944.0,3926.0,146.0,503.0,243.0,233.0,15.38,14.93,14.08,10.86,25.94,1813.0,11.61,13552.0,1.55,28966714.0
1116,피에스케이(2024/12),3981.0,839.0,791.0,5694.0,4717.0,146.0,672.0,400.0,230.0,21.08,19.88,18.31,14.88,20.7,2732.0,6.04,16285.0,1.01,28966714.0
1120,DB하이텍(2020/12),9359.0,2393.0,1660.0,11786.0,7946.0,2226.0,3100.0,1522.0,1779.0,25.57,17.74,23.07,14.64,48.33,3730.0,13.67,18294.0,2.79,44398588.0
1121,DB하이텍(2021/12),12147.0,3991.0,3169.0,15499.0,11060.0,2226.0,3931.0,2595.0,1718.0,32.86,26.09,33.35,23.23,40.13,7119.0,10.21,25449.0,2.86,44398588.0
1122,DB하이텍(2022/12),16695.0,7619.0,5562.0,21422.0,16348.0,2226.0,7309.0,5491.0,1410.0,45.64,33.32,40.59,30.13,31.04,12496.0,2.97,37615.0,0.99,44398588.0
1123,DB하이텍(2023/12),11542.0,2654.0,2641.0,20434.0,17401.0,2226.0,2243.0,-1051.0,1100.0,23.0,22.88,15.65,12.62,17.43,5934.0,9.87,41655.0,1.41,44398588.0
1124,DB하이텍(2024/12),11312.0,1908.0,2294.0,23969.0,20007.0,2226.0,3826.0,2559.0,1661.0,16.87,20.28,12.44,10.33,19.8,5155.0,6.43,47181.0,0.7,44398588.0
1128,테크엘(2020/12),230.0,-59.0,-127.0,466.0,376.0,368.0,-148.0,-162.0,30.0,-25.5,-55.45,-33.09,-20.66,23.79,-1962.0,-3.567787971457696,5108.0,1.85,7368647.0
1129,테크엘(2021/12),422.0,10.0,8.0,637.0,452.0,418.0,-111.0,-130.0,123.0,2.31,1.92,1.96,1.47,40.88,105.0,89.85,5400.0,1.64,8368647.0
1130,테크엘(2022/12),207.0,-38.0,-60.0,894.0,524.0,55.0,97.0,93.0,192.0,-18.42,-29.18,-12.35,-7.88,70.72,-673.0,-8.439821693907875,4791.0,1.19,10940701.0
1131,테크엘(2023/12),219.0,-45.0,55.0,1100.0,808.0,83.0,48.0,-60.0,165.0,-20.72,25.1,8.26,5.52,36.13,425.0,8.9,4850.0,0.78,16675029.0
1132,테크엘(2024/12),253.0,-4.0,-5.0,1042.0,994.0,112.0,33.0,-36.0,4.0,-1.48,-1.87,-0.5030181086519114,-0.47984644913627633,4.79,-21.0,-87.28571428571429,4448.0,0.41,22351062.0
1136,주성엔지니어링(2020/12),1185.0,-250.0,-82.0,5492.0,2274.0,241.0,16.0,-523.0,1176.0,-21.12,-6.93,-3.52,-1.65,141.51,-170.0,-48.294117647058826,4713.0,1.74,48249212.0
1137,주성엔지니어링(2021/12),3773.0,1026.0,1455.0,7119.0,3696.0,241.0,1107.0,874.0,920.0,27.2,38.56,48.74,23.08,92.59,3016.0,6.96,7661.0,2.74,48249212.0
1138,주성엔지니어링(2022/12),4379.0,1239.0,1062.0,8331.0,4846.0,241.0,1010.0,643.0,515.0,28.29,24.24,24.86,13.74,71.9,2200.0,4.82,10119.0,1.05,48249212.0
1139,주성엔지니어링(2023/12),2847.0,289.0,340.0,8053.0,5147.0,241.0,9.0,-135.0,509.0,10.16,11.94,6.8,4.15,56.44,705.0,48.53,10890.0,3.14,48249212.0
1140,주성엔지니어링(2024/12),4094.0,972.0,1068.0,9868.0,5666.0,241.0,2247.0,1937.0,503.0,23.74,26.09,19.76,11.92,74.17,2235.0,13.18,12400.0,2.38,47268321.0
1144,피에스케이홀딩스(2020/12),398.0,-25.0,592.0,2392.0,1975.0,108.0,98.0,48.0,153.0,-6.19,148.84,38.01,32.45,21.13,2942.0,2.82,10092.0,0.82,21562395.0
1145,피에스케이홀딩스(2021/12),816.0,226.0,466.0,3058.0,2515.0,108.0,285.0,228.0,164.0,27.72,57.11,20.76,17.11,21.59,2162.0,8.28,12142.0,1.47,21562395.0
1146,피에스케이홀딩스(2022/12),728.0,169.0,408.0,3284.0,2822.0,108.0,191.0,82.0,181.0,23.22,55.99,15.27,12.85,16.39,1890.0,3.62,13849.0,0.49,21562395.0
1147,피에스케이홀딩스(2023/12),947.0,270.0,427.0,4014.0,3413.0,108.0,325.0,146.0,198.0,28.48,45.08,13.7,11.7,17.62,1980.0,13.61,15829.0,1.7,21562395.0
1148,피에스케이홀딩스(2024/12),2155.0,885.0,958.0,5136.0,4315.0,108.0,666.0,491.0,164.0,41.06,44.46,24.8,20.94,19.03,4444.0,8.56,20010.0,1.9,21562395.0
1152,하나마이크론(2020/12),5395.0,510.0,36.0,7648.0,2467.0,153.0,828.0,-259.0,4298.0,9.46,0.67,-11.81,0.49,209.97,-379.0,-20.50923482849604,3081.0,2.52,45302677.0
1153,하나마이크론(2021/12),6695.0,1049.0,672.0,10510.0,4484.0,240.0,1492.0,-294.0,4144.0,15.67,10.03,12.43,7.4,134.39,541.0,32.05,4859.0,3.57,56565687.0
1154,하나마이크론(2022/12),8944.0,1035.0,582.0,14090.0,4882.0,240.0,1300.0,-1965.0,6838.0,11.58,6.51,1.05,4.73,188.61,50.0,158.73,4669.0,1.7,56565687.0
1155,하나마이크론(2023/12),9680.0,579.0,10.0,17251.0,5444.0,240.0,831.0,-2244.0,9823.0,5.98,0.1,-4.72,0.06,216.89,-239.0,-104.25941422594143,5457.0,4.57,56634149.0
1156,하나마이크론(2024/12),12507.0,1068.0,-112.0,19446.0,6058.0,331.0,410.0,-1038.0,11491.0,8.54,-0.89,-6.99,-0.61,220.99,-382.0,-24.18848167539267,5607.0,1.65,66271949.0
1168,에스앤에스텍(2020/12),874.0,110.0,110.0,1860.0,1645.0,107.0,68.0,-113.0,80.0,12.63,12.58,6.68693009118541,5.913978494623656,13.09,539.0,80.67,7896.0,5.51,21451447.0
1169,에스앤에스텍(2021/12),988.0,126.0,115.0,1974.0,1744.0,107.0,126.0,-15.0,43.0,12.76,11.63,6.79,6.0,13.19,536.0,68.65,8374.0,4.39,21451447.0
1170,에스앤에스텍(2022/12),1235.0,160.0,175.0,2268.0,1904.0,107.0,249.0,-70.0,102.0,12.96,14.14,9.57,8.23,19.1,814.0,32.37,9140.0,2.88,21451447.0
1171,에스앤에스텍(2023/12),1503.0,250.0,259.0,2568.0,2208.0,107.0,256.0,44.0,120.0,16.66,17.2,12.58,10.7,16.29,1205.0,37.58,10499.0,4.31,21451447.0
1172,에스앤에스텍(2024/12),1760.0,295.0,303.0,2970.0,2468.0,107.0,360.0,163.0,169.0,16.75,17.22,13.07,10.95,20.33,1421.0,18.02,11785.0,2.17,21451447.0
1176,SK하이닉스(2020/12),319004.0,50126.0,47589.0,711739.0,519091.0,36577.0,123146.0,22459.0,128954.0,15.71,14.92,9.53,6.98,37.11,6532.0,18.14,75860.0,1.56,728002365.0
1177,SK하이닉스(2021/12),429978.0,124103.0,96162.0,963465.0,621911.0,36577.0,197976.0,73110.0,191496.0,28.86,22.36,16.84,11.48,54.92,13190.0,9.93,90394.0,1.45,728002365.0
1178,SK하이닉스(2022/12),446216.0,68094.0,22417.0,1038715.0,632905.0,36577.0,147805.0,-42297.0,247917.0,15.26,5.02,3.55,2.24,64.12,3063.0,24.49,92004.0,0.82,728002365.0
1179,SK하이닉스(2023/12),327657.0,-77303.0,-91375.0,1003302.0,535038.0,36577.0,42782.0,-40469.0,324985.0,-23.59,-27.89,-15.61,-8.95,87.52,-12517.0,-11.304625709035712,77752.0,1.82,728002365.0
1180,SK하이닉스(2024/12),661930.0,234673.0,197969.0,1198552.0,739157.0,36577.0,297959.0,138504.0,254521.0,35.45,29.91,31.06,17.98,62.15,27182.0,6.4,107256.0,1.62,728002365.0
1192,브이엠(2020/12),930.0,296.0,234.0,1184.0,897.0,24.0,130.0,115.0,4.0,31.84,25.12,31.34,25.41,32.09,1003.0,19.84,4113.0,4.84,23564595.0
1193,브이엠(2021/12),1781.0,540.0,465.0,1456.0,1141.0,24.0,541.0,516.0,19.0,30.34,26.09,45.6,35.19,27.63,1968.0,11.26,5297.0,4.18,23700595.0
1194,브이엠(2022/12),1414.0,309.0,279.0,1566.0,1179.0,24.0,-82.0,-92.0,232.0,21.88,19.72,24.03,18.45,32.84,1160.0,9.13,5153.0,2.06,23980595.0
1195,브이엠(2023/12),260.0,-110.0,-70.0,1509.0,1222.0,24.0,-156.0,-173.0,166.0,-42.15,-26.82,-5.81,-4.54,23.53,-273.0,-51.64835164835165,5218.0,2.7,23980595.0
1196,브이엠(2024/12),703.0,-86.0,-35.0,1657.0,1243.0,24.0,222.0,161.0,179.0,-12.24,-4.91,-2.8,-2.18,33.31,-135.0,-50.888888888888886,5270.0,1.3,24075595.0
1216,케이씨텍(2020/12),3199.0,561.0,426.0,4073.0,3478.0,104.0,722.0,603.0,12.0,17.55,13.31,13.39,11.44,17.1,2133.0,14.42,16676.0,1.84,20861556.0
1217,케이씨텍(2021/12),3445.0,521.0,419.0,4530.0,3852.0,104.0,411.0,177.0,22.0,15.12,12.17,11.45,9.75,17.62,2011.0,11.96,18467.0,1.3,20861556.0
1218,케이씨텍(2022/12),3782.0,603.0,554.0,4833.0,4260.0,104.0,555.0,416.0,44.0,15.95,14.64,13.66,11.83,13.46,2655.0,5.57,20995.0,0.7,20861556.0
1219,케이씨텍(2023/12),2869.0,327.0,317.0,5000.0,4526.0,104.0,266.0,137.0,42.0,11.4,11.05,7.22,6.45,10.46,1520.0,17.64,22307.0,1.2,20861556.0
1220,케이씨텍(2024/12),3854.0,498.0,527.0,5491.0,4818.0,104.0,999.0,898.0,26.0,12.92,13.67,11.28,10.04,13.96,2526.0,10.31,24430.0,1.07,20861556.0
1224,하나머티리얼즈(2020/12),2007.0,531.0,380.0,3525.0,1881.0,98.0,709.0,558.0,1278.0,26.46,18.96,22.82,11.75,87.45,1939.0,14.75,9691.0,2.95,19627674.0
1225,하나머티리얼즈(2021/12),2711.0,823.0,667.0,4437.0,2570.0,99.0,966.0,654.0,1213.0,30.35,24.59,29.96,16.75,72.65,3387.0,18.54,13167.0,4.77,19737674.0
1226,하나머티리얼즈(2022/12),3073.0,937.0,801.0,4796.0,2976.0,99.0,826.0,-99.0,1287.0,30.5,26.07,28.9,17.36,61.18,4057.0,8.06,15244.0,2.15,19752674.0
1227,하나머티리얼즈(2023/12),2336.0,413.0,342.0,6726.0,3997.0,99.0,442.0,-765.0,2174.0,17.67,14.64,8.556417312984738,5.084745762711865,68.27,1731.0,29.0,20476.0,2.45,19752674.0
1228,하나머티리얼즈(2024/12),2516.0,434.0,318.0,5739.0,3538.0,99.0,757.0,335.0,1787.0,17.25,12.62,8.43,5.1,62.21,1606.0,14.29,18165.0,1.26,19777674.0
1232,이오테크닉스(2020/12),3251.0,385.0,216.0,4812.0,4098.0,62.0,510.0,411.0,119.0,11.84,6.63,5.38,4.65,17.41,1733.0,67.51,33083.0,3.54,12319550.0
1233,이오테크닉스(2021/12),3909.0,781.0,724.0,5660.0,4848.0,62.0,16.0,-36.0,125.0,19.99,18.51,16.29,13.82,16.76,5835.0,20.48,39144.0,3.05,12319550.0
1234,이오테크닉스(2022/12),4472.0,928.0,772.0,6159.0,5391.0,62.0,927.0,890.0,124.0,20.75,17.27,15.14,13.07,14.24,6212.0,10.72,43984.0,1.51,12319550.0
1235,이오테크닉스(2023/12),3163.0,309.0,364.0,6117.0,5625.0,62.0,316.0,266.0,91.0,9.78,11.5,6.73,5.93,8.75,2973.0,51.43,45930.0,3.33,12319550.0
1236,이오테크닉스(2024/12),3209.0,312.0,427.0,6530.0,6030.0,62.0,554.0,-83.0,91.0,9.72,13.3,7.43,6.75,8.29,3478.0,40.03,49352.0,2.82,12319550.0
1240,티에스이(2020/12),2855.0,427.0,294.0,3011.0,2249.0,55.0,600.0,211.0,331.0,14.96,10.31,15.12,10.42,33.86,2457.0,25.52,18380.0,3.41,11061429.0
1241,티에스이(2021/12),3077.0,546.0,432.0,3718.0,2702.0,55.0,462.0,101.0,435.0,17.76,14.05,20.55,12.85,37.61,4043.0,18.23,22550.0,3.27,11061429.0
1242,티에스이(2022/12),3393.0,566.0,534.0,4358.0,3308.0,55.0,548.0,52.0,385.0,16.69,15.73,18.8,13.21,31.76,4504.0,8.2,26686.0,1.38,11061429.0
1243,티에스이(2023/12),2491.0,-24.0,-21.0,4431.0,3478.0,55.0,26.0,-462.0,416.0,-0.95,-0.84,0.04,-0.48,27.4,11.0,4523.94,27453.0,1.8,11061429.0
1244,티에스이(2024/12),3481.0,399.0,450.0,5194.0,3997.0,55.0,297.0,28.0,446.0,11.46,12.94,13.36,9.36,29.95,3840.0,10.74,31781.0,1.3,11061429.0
1248,테스(2020/12),2460.0,317.0,300.0,2749.0,2365.0,99.0,248.0,134.0,46.0,12.88,12.2,13.3,11.48,16.22,1519.0,19.53,12521.0,2.37,19768226.0
1249,테스(2021/12),3752.0,622.0,740.0,3369.0,2949.0,99.0,765.0,639.0,3.0,16.57,19.72,27.84,24.19,14.24,3743.0,7.95,15906.0,1.87,19768226.0
1250,테스(2022/12),3580.0,559.0,468.0,3365.0,3067.0,99.0,154.0,95.0,4.0,15.62,13.06,15.55,13.89,9.73,2366.0,6.64,17483.0,0.9,19768226.0
1251,테스(2023/12),1469.0,-59.0,16.0,3218.0,2989.0,99.0,286.0,112.0,2.0,-3.99,1.07,0.52,0.48,7.67,79.0,253.73,17040.0,1.18,19768226.0
1252,테스(2024/12),2401.0,385.0,427.0,3812.0,3305.0,99.0,305.0,-243.0,164.0,16.03,17.77,13.55,12.13,15.32,2158.0,7.18,18843.0,0.82,19768226.0
1256,에스티아이(2020/12),2691.0,154.0,107.0,2436.0,1725.0,79.0,278.0,208.0,183.0,5.73,3.99,6.42,4.22,41.19,689.0,26.26,11525.0,1.57,15830000.0
1257,에스티아이(2021/12),3195.0,256.0,232.0,3368.0,1952.0,79.0,-597.0,-605.0,362.0,8.0,7.26,12.6,7.99,72.61,1466.0,14.47,12994.0,1.63,15830000.0
1258,에스티아이(2022/12),4224.0,348.0,298.0,3289.0,2193.0,79.0,715.0,703.0,22.0,8.23,7.07,14.4,8.97,49.98,1885.0,6.34,14768.0,0.81,15830000.0
1259,에스티아이(2023/12),3195.0,239.0,241.0,3162.0,2377.0,79.0,292.0,261.0,12.0,7.5,7.54,10.54,7.46,33.04,1521.0,19.43,16128.0,1.83,15830000.0
1260,에스티아이(2024/12),3340.0,273.0,271.0,3688.0,2608.0,79.0,158.0,-23.0,27.0,8.17,8.13,10.89,7.92,41.4,1714.0,10.18,17696.0,0.99,15830000.0
1264,유진테크(2020/12),2026.0,223.0,99.0,2940.0,2490.0,115.0,173.0,14.0,64.0,11.0,4.87,1.47,3.45,18.05,152.0,219.26,10501.0,3.18,22916042.0
1265,유진테크(2021/12),3246.0,739.0,632.0,3829.0,3107.0,115.0,725.0,577.0,72.0,22.77,19.47,22.86,18.67,23.22,2635.0,19.62,13091.0,3.95,22916042.0
1266,유진테크(2022/12),3106.0,536.0,426.0,4340.0,3467.0,115.0,389.0,315.0,60.0,17.27,13.71,12.28,10.43,25.18,1655.0,13.38,14595.0,1.52,22916042.0
1267,유진테크(2023/12),2765.0,243.0,254.0,4370.0,3685.0,115.0,477.0,359.0,48.0,8.8,9.18,7.31,5.83,18.59,1066.0,38.26,15517.0,2.63,22916042.0
1268,유진테크(2024/12),3381.0,612.0,654.0,5395.0,4357.0,115.0,615.0,524.0,147.0,18.1,19.36,16.85,13.4,23.81,2761.0,11.34,18261.0,1.71,22916042.0
